<?xml version="1.0" encoding="UTF-8"?>
<!--
  This file was generated by MainMapBuilderForm.java

  Author: David Klingenberg
  Generated on: 2014/03/06 20:54:15
-->


<!DOCTYPE map [
  <!ELEMENT map (hex*)>
  <!ELEMENT hex (hexNumber, northHexNumber, northEastHexNumber,
                 southEastHexNumber, southHexNumber, southWestHexNumber,
                 northWestHexNumber, terrainKey, providenceName, cityHex?,
                 vortexHex?, portalHex?, hexEdgeMap?, castleHex?, hexName?,
                 capitalHex?, townHex?)>
  <!ELEMENT capitalHex (#PCDATA)>
  <!ELEMENT townHex (#PCDATA)>
  <!ELEMENT hexName (#PCDATA)>
  <!ELEMENT hexNumber (#PCDATA)>
  <!ELEMENT northHexNumber (#PCDATA)>
  <!ELEMENT northEastHexNumber (#PCDATA)>
  <!ELEMENT southEastHexNumber (#PCDATA)>
  <!ELEMENT southHexNumber (#PCDATA)>
  <!ELEMENT southWestHexNumber (#PCDATA)>
  <!ELEMENT northWestHexNumber (#PCDATA)>
  <!ELEMENT terrainKey (#PCDATA)>
  <!ELEMENT providenceName (#PCDATA)>
  <!ELEMENT cityHex (#PCDATA)>
  <!ELEMENT vortexHex (#PCDATA)>
  <!ELEMENT portalHex (#PCDATA)>
  <!ELEMENT castleHex (#PCDATA)>
  <!ELEMENT hexEdgeMap (northEdge?, northEastEdge?, southEastEdge?,
                           southEdge?, southWestEdge?, northWestEdge?) >
    <!ELEMENT northEdge (edgeAttribute+)>
    <!ELEMENT northEastEdge (edgeAttribute+)>
    <!ELEMENT southEastEdge (edgeAttribute+)>
    <!ELEMENT southEdge (edgeAttribute+)>
    <!ELEMENT southWestEdge (edgeAttribute+)>
    <!ELEMENT northWestEdge (edgeAttribute+)>
        <!ELEMENT edgeAttribute (#PCDATA)>
]>

<map>
    <hex>
        <hexNumber>0109</hexNumber>
        <northHexNumber>0108</northHexNumber>
        <northEastHexNumber>0208</northEastHexNumber>
        <southEastHexNumber>0209</southEastHexNumber>
        <southHexNumber>0110</southHexNumber>
        <southWestHexNumber>0000</southWestHexNumber>
        <northWestHexNumber>0000</northWestHexNumber>
        <terrainKey>D</terrainKey>
        <providenceName>Kelgarnth</providenceName>
        <hexEdgeMap>
          <northEastEdge>
            <edgeAttribute>Pb</edgeAttribute>
          </northEastEdge>
          <southEastEdge>
            <edgeAttribute>Pb</edgeAttribute>
          </southEastEdge>
          <southEdge>
            <edgeAttribute>Pb</edgeAttribute>
          </southEdge>
        </hexEdgeMap>
    </hex>
    <hex>
        <hexNumber>0107</hexNumber>
        <northHexNumber>0106</northHexNumber>
        <northEastHexNumber>0206</northEastHexNumber>
        <southEastHexNumber>0207</southEastHexNumber>
        <southHexNumber>0108</southHexNumber>
        <southWestHexNumber>0000</southWestHexNumber>
        <northWestHexNumber>0000</northWestHexNumber>
        <terrainKey>D</terrainKey>
        <providenceName>Kelgarnth</providenceName>
        <hexEdgeMap>
          <northEastEdge>
            <edgeAttribute>Pb</edgeAttribute>
          </northEastEdge>
          <southEastEdge>
            <edgeAttribute>Pb</edgeAttribute>
          </southEastEdge>
        </hexEdgeMap>
    </hex>
    <hex>
        <hexNumber>0108</hexNumber>
        <northHexNumber>0107</northHexNumber>
        <northEastHexNumber>0207</northEastHexNumber>
        <southEastHexNumber>0208</southEastHexNumber>
        <southHexNumber>0109</southHexNumber>
        <southWestHexNumber>0000</southWestHexNumber>
        <northWestHexNumber>0000</northWestHexNumber>
        <terrainKey>D</terrainKey>
        <providenceName>Kelgarnth</providenceName>
        <hexEdgeMap>
          <northEastEdge>
            <edgeAttribute>Pb</edgeAttribute>
          </northEastEdge>
          <southEastEdge>
            <edgeAttribute>Pb</edgeAttribute>
          </southEastEdge>
        </hexEdgeMap>
    </hex>
    <hex>
        <hexNumber>0105</hexNumber>
        <northHexNumber>0104</northHexNumber>
        <northEastHexNumber>0204</northEastHexNumber>
        <southEastHexNumber>0205</southEastHexNumber>
        <southHexNumber>0106</southHexNumber>
        <southWestHexNumber>0000</southWestHexNumber>
        <northWestHexNumber>0000</northWestHexNumber>
        <terrainKey>D</terrainKey>
        <providenceName>Kelgarnth</providenceName>
        <hexEdgeMap>
          <southEastEdge>
            <edgeAttribute>Pb</edgeAttribute>
          </southEastEdge>
        </hexEdgeMap>
    </hex>
    <hex>
        <hexNumber>0106</hexNumber>
        <northHexNumber>0105</northHexNumber>
        <northEastHexNumber>0205</northEastHexNumber>
        <southEastHexNumber>0206</southEastHexNumber>
        <southHexNumber>0107</southHexNumber>
        <southWestHexNumber>0000</southWestHexNumber>
        <northWestHexNumber>0000</northWestHexNumber>
        <terrainKey>D</terrainKey>
        <providenceName>Kelgarnth</providenceName>
        <hexEdgeMap>
          <northEastEdge>
            <edgeAttribute>Pb</edgeAttribute>
          </northEastEdge>
          <southEastEdge>
            <edgeAttribute>Pb</edgeAttribute>
          </southEastEdge>
        </hexEdgeMap>
    </hex>
    <hex>
        <hexNumber>0103</hexNumber>
        <northHexNumber>0102</northHexNumber>
        <northEastHexNumber>0202</northEastHexNumber>
        <southEastHexNumber>0203</southEastHexNumber>
        <southHexNumber>0104</southHexNumber>
        <southWestHexNumber>0000</southWestHexNumber>
        <northWestHexNumber>0000</northWestHexNumber>
        <terrainKey>D</terrainKey>
        <providenceName>Kelgarnth</providenceName>
    </hex>
    <hex>
        <hexNumber>0104</hexNumber>
        <northHexNumber>0103</northHexNumber>
        <northEastHexNumber>0203</northEastHexNumber>
        <southEastHexNumber>0204</southEastHexNumber>
        <southHexNumber>0105</southHexNumber>
        <southWestHexNumber>0000</southWestHexNumber>
        <northWestHexNumber>0000</northWestHexNumber>
        <terrainKey>D</terrainKey>
        <providenceName>Kelgarnth</providenceName>
    </hex>
    <hex>
        <hexNumber>0101</hexNumber>
        <northHexNumber>0000</northHexNumber>
        <northEastHexNumber>0000</northEastHexNumber>
        <southEastHexNumber>0201</southEastHexNumber>
        <southHexNumber>0102</southHexNumber>
        <southWestHexNumber>0000</southWestHexNumber>
        <northWestHexNumber>0000</northWestHexNumber>
        <terrainKey>D</terrainKey>
        <providenceName>Kelgarnth</providenceName>
    </hex>
    <hex>
        <hexNumber>0102</hexNumber>
        <northHexNumber>0101</northHexNumber>
        <northEastHexNumber>0201</northEastHexNumber>
        <southEastHexNumber>0202</southEastHexNumber>
        <southHexNumber>0103</southHexNumber>
        <southWestHexNumber>0000</southWestHexNumber>
        <northWestHexNumber>0000</northWestHexNumber>
        <terrainKey>Mo</terrainKey>
        <providenceName>Kelgarnth</providenceName>
    </hex>
</map>