<?xml version="1.0" encoding="UTF-8"?>
<!--
  This file was generated by MainMapBuilderForm.java

  Author: David Klingenberg
  Generated on: 2014/03/06 21:14:40
-->


<!DOCTYPE map [
  <!ELEMENT map (hex*)>
  <!ELEMENT hex (hexNumber, northHexNumber, northEastHexNumber,
                 southEastHexNumber, southHexNumber, southWestHexNumber,
                 northWestHexNumber, terrainKey, providenceName, cityHex?,
                 vortexHex?, portalHex?, hexEdgeMap?, castleHex?, hexName?,
                 capitalHex?, townHex?)>
  <!ELEMENT capitalHex (#PCDATA)>
  <!ELEMENT townHex (#PCDATA)>
  <!ELEMENT hexName (#PCDATA)>
  <!ELEMENT hexNumber (#PCDATA)>
  <!ELEMENT northHexNumber (#PCDATA)>
  <!ELEMENT northEastHexNumber (#PCDATA)>
  <!ELEMENT southEastHexNumber (#PCDATA)>
  <!ELEMENT southHexNumber (#PCDATA)>
  <!ELEMENT southWestHexNumber (#PCDATA)>
  <!ELEMENT northWestHexNumber (#PCDATA)>
  <!ELEMENT terrainKey (#PCDATA)>
  <!ELEMENT providenceName (#PCDATA)>
  <!ELEMENT cityHex (#PCDATA)>
  <!ELEMENT vortexHex (#PCDATA)>
  <!ELEMENT portalHex (#PCDATA)>
  <!ELEMENT castleHex (#PCDATA)>
  <!ELEMENT hexEdgeMap (northEdge?, northEastEdge?, southEastEdge?,
                           southEdge?, southWestEdge?, northWestEdge?) >
    <!ELEMENT northEdge (edgeAttribute+)>
    <!ELEMENT northEastEdge (edgeAttribute+)>
    <!ELEMENT southEastEdge (edgeAttribute+)>
    <!ELEMENT southEdge (edgeAttribute+)>
    <!ELEMENT southWestEdge (edgeAttribute+)>
    <!ELEMENT northWestEdge (edgeAttribute+)>
        <!ELEMENT edgeAttribute (#PCDATA)>
]>

<map>
    <hex>
        <hexNumber>0131</hexNumber>
        <northHexNumber>0130</northHexNumber>
        <northEastHexNumber>0230</northEastHexNumber>
        <southEastHexNumber>0231</southEastHexNumber>
        <southHexNumber>0132</southHexNumber>
        <southWestHexNumber>0000</southWestHexNumber>
        <northWestHexNumber>0000</northWestHexNumber>
        <terrainKey>Wo</terrainKey>
        <providenceName>Nattily Woods</providenceName>
    </hex>
    <hex>
        <hexNumber>0130</hexNumber>
        <northHexNumber>0129</northHexNumber>
        <northEastHexNumber>0229</northEastHexNumber>
        <southEastHexNumber>0230</southEastHexNumber>
        <southHexNumber>0131</southHexNumber>
        <southWestHexNumber>0000</southWestHexNumber>
        <northWestHexNumber>0000</northWestHexNumber>
        <terrainKey>Wo</terrainKey>
        <providenceName>Nattily Woods</providenceName>
    </hex>
    <hex>
        <hexNumber>0129</hexNumber>
        <northHexNumber>0128</northHexNumber>
        <northEastHexNumber>0228</northEastHexNumber>
        <southEastHexNumber>0229</southEastHexNumber>
        <southHexNumber>0130</southHexNumber>
        <southWestHexNumber>0000</southWestHexNumber>
        <northWestHexNumber>0000</northWestHexNumber>
        <terrainKey>Wo</terrainKey>
        <providenceName>Nattily Woods</providenceName>
    </hex>
    <hex>
        <hexNumber>0109</hexNumber>
        <northHexNumber>0108</northHexNumber>
        <northEastHexNumber>0208</northEastHexNumber>
        <southEastHexNumber>0209</southEastHexNumber>
        <southHexNumber>0110</southHexNumber>
        <southWestHexNumber>0000</southWestHexNumber>
        <northWestHexNumber>0000</northWestHexNumber>
        <terrainKey>D</terrainKey>
        <providenceName>Kelgarnth</providenceName>
        
        <hexEdgeMap>
          <northEastEdge>
            <edgeAttribute>Pb</edgeAttribute>
          </northEastEdge>
          <southEastEdge>
            <edgeAttribute>Pb</edgeAttribute>
          </southEastEdge>
          <southEdge>
            <edgeAttribute>Pb</edgeAttribute>
          </southEdge>
        </hexEdgeMap>
    </hex>
    <hex>
        <hexNumber>0107</hexNumber>
        <northHexNumber>0106</northHexNumber>
        <northEastHexNumber>0206</northEastHexNumber>
        <southEastHexNumber>0207</southEastHexNumber>
        <southHexNumber>0108</southHexNumber>
        <southWestHexNumber>0000</southWestHexNumber>
        <northWestHexNumber>0000</northWestHexNumber>
        <terrainKey>D</terrainKey>
        <providenceName>Kelgarnth</providenceName>
        
        <hexEdgeMap>
          <northEastEdge>
            <edgeAttribute>Pb</edgeAttribute>
          </northEastEdge>
          <southEastEdge>
            <edgeAttribute>Pb</edgeAttribute>
          </southEastEdge>
          
        </hexEdgeMap>
    </hex>
    <hex>
        <hexNumber>0108</hexNumber>
        <northHexNumber>0107</northHexNumber>
        <northEastHexNumber>0207</northEastHexNumber>
        <southEastHexNumber>0208</southEastHexNumber>
        <southHexNumber>0109</southHexNumber>
        <southWestHexNumber>0000</southWestHexNumber>
        <northWestHexNumber>0000</northWestHexNumber>
        <terrainKey>D</terrainKey>
        <providenceName>Kelgarnth</providenceName>
        
        <hexEdgeMap>
          <northEastEdge>
            <edgeAttribute>Pb</edgeAttribute>
          </northEastEdge>
          <southEastEdge>
            <edgeAttribute>Pb</edgeAttribute>
          </southEastEdge>
          
        </hexEdgeMap>
    </hex>
    <hex>
        <hexNumber>0125</hexNumber>
        <northHexNumber>0124</northHexNumber>
        <northEastHexNumber>0224</northEastHexNumber>
        <southEastHexNumber>0225</southEastHexNumber>
        <southHexNumber>0126</southHexNumber>
        <southWestHexNumber>0000</southWestHexNumber>
        <northWestHexNumber>0000</northWestHexNumber>
        <terrainKey>Wo</terrainKey>
        <providenceName>Nattily Woods</providenceName>
        <hexEdgeMap>
          <northEdge>
            <edgeAttribute>Pb</edgeAttribute>
          </northEdge>
        </hexEdgeMap>
    </hex>
    <hex>
        <hexNumber>0105</hexNumber>
        <northHexNumber>0104</northHexNumber>
        <northEastHexNumber>0204</northEastHexNumber>
        <southEastHexNumber>0205</southEastHexNumber>
        <southHexNumber>0106</southHexNumber>
        <southWestHexNumber>0000</southWestHexNumber>
        <northWestHexNumber>0000</northWestHexNumber>
        <terrainKey>D</terrainKey>
        <providenceName>Kelgarnth</providenceName>
        
        <hexEdgeMap>
          
          
          <southEdge>
            <edgeAttribute>Pb</edgeAttribute>
          </southEdge>
        </hexEdgeMap>
    </hex>
    <hex>
        <hexNumber>0126</hexNumber>
        <northHexNumber>0125</northHexNumber>
        <northEastHexNumber>0225</northEastHexNumber>
        <southEastHexNumber>0226</southEastHexNumber>
        <southHexNumber>0127</southHexNumber>
        <southWestHexNumber>0000</southWestHexNumber>
        <northWestHexNumber>0000</northWestHexNumber>
        <terrainKey>Wo</terrainKey>
        <providenceName>Nattily Woods</providenceName>
        <hexEdgeMap>
          <northEastEdge>
            <edgeAttribute>Tr</edgeAttribute>
          </northEastEdge>
          <southWestEdge>
            <edgeAttribute>Tr</edgeAttribute>
          </southWestEdge>
        </hexEdgeMap>
    </hex>
    <hex>
        <hexNumber>0106</hexNumber>
        <northHexNumber>0105</northHexNumber>
        <northEastHexNumber>0205</northEastHexNumber>
        <southEastHexNumber>0206</southEastHexNumber>
        <southHexNumber>0107</southHexNumber>
        <southWestHexNumber>0000</southWestHexNumber>
        <northWestHexNumber>0000</northWestHexNumber>
        <terrainKey>D</terrainKey>
        <providenceName>Kelgarnth</providenceName>
        
        <hexEdgeMap>
          <northEastEdge>
            <edgeAttribute>Pb</edgeAttribute>
          </northEastEdge>
          <southEastEdge>
            <edgeAttribute>Pb</edgeAttribute>
          </southEastEdge>
          
        </hexEdgeMap>
    </hex>
    <hex>
        <hexNumber>0127</hexNumber>
        <northHexNumber>0126</northHexNumber>
        <northEastHexNumber>0226</northEastHexNumber>
        <southEastHexNumber>0227</southEastHexNumber>
        <southHexNumber>0128</southHexNumber>
        <southWestHexNumber>0000</southWestHexNumber>
        <northWestHexNumber>0000</northWestHexNumber>
        <terrainKey>Wo</terrainKey>
        <providenceName>Nattily Woods</providenceName>
    </hex>
    <hex>
        <hexNumber>0103</hexNumber>
        <northHexNumber>0102</northHexNumber>
        <northEastHexNumber>0202</northEastHexNumber>
        <southEastHexNumber>0203</southEastHexNumber>
        <southHexNumber>0104</southHexNumber>
        <southWestHexNumber>0000</southWestHexNumber>
        <northWestHexNumber>0000</northWestHexNumber>
        <terrainKey>D</terrainKey>
        <providenceName>Kelgarnth</providenceName>
        
        
    </hex>
    <hex>
        <hexNumber>0128</hexNumber>
        <northHexNumber>0127</northHexNumber>
        <northEastHexNumber>0227</northEastHexNumber>
        <southEastHexNumber>0228</southEastHexNumber>
        <southHexNumber>0129</southHexNumber>
        <southWestHexNumber>0000</southWestHexNumber>
        <northWestHexNumber>0000</northWestHexNumber>
        <terrainKey>Wo</terrainKey>
        <providenceName>Nattily Woods</providenceName>
    </hex>
    <hex>
        <hexNumber>0104</hexNumber>
        <northHexNumber>0103</northHexNumber>
        <northEastHexNumber>0203</northEastHexNumber>
        <southEastHexNumber>0204</southEastHexNumber>
        <southHexNumber>0105</southHexNumber>
        <southWestHexNumber>0000</southWestHexNumber>
        <northWestHexNumber>0000</northWestHexNumber>
        <terrainKey>D</terrainKey>
        <providenceName>Kelgarnth</providenceName>
        
    </hex>
    <hex>
        <hexNumber>0101</hexNumber>
        <northHexNumber>0000</northHexNumber>
        <northEastHexNumber>0000</northEastHexNumber>
        <southEastHexNumber>0201</southEastHexNumber>
        <southHexNumber>0102</southHexNumber>
        <southWestHexNumber>0000</southWestHexNumber>
        <northWestHexNumber>0000</northWestHexNumber>
        <terrainKey>D</terrainKey>
        <providenceName>Kelgarnth</providenceName>
        
    </hex>
    <hex>
        <hexNumber>0121</hexNumber>
        <northHexNumber>0120</northHexNumber>
        <northEastHexNumber>0220</northEastHexNumber>
        <southEastHexNumber>0221</southEastHexNumber>
        <southHexNumber>0122</southHexNumber>
        <southWestHexNumber>0000</southWestHexNumber>
        <northWestHexNumber>0000</northWestHexNumber>
        <terrainKey>Fore</terrainKey>
        <providenceName>Vynar</providenceName>
    </hex>
    <hex>
        <hexNumber>0102</hexNumber>
        <northHexNumber>0101</northHexNumber>
        <northEastHexNumber>0201</northEastHexNumber>
        <southEastHexNumber>0202</southEastHexNumber>
        <southHexNumber>0103</southHexNumber>
        <southWestHexNumber>0000</southWestHexNumber>
        <northWestHexNumber>0000</northWestHexNumber>
        <terrainKey>Mo</terrainKey>
        <providenceName>Kelgarnth</providenceName>
        
        
    </hex>
    <hex>
        <hexNumber>0122</hexNumber>
        <northHexNumber>0121</northHexNumber>
        <northEastHexNumber>0221</northEastHexNumber>
        <southEastHexNumber>0222</southEastHexNumber>
        <southHexNumber>0123</southHexNumber>
        <southWestHexNumber>0000</southWestHexNumber>
        <northWestHexNumber>0000</northWestHexNumber>
        <terrainKey>Fore</terrainKey>
        <providenceName>Vynar</providenceName>
    </hex>
    <hex>
        <hexNumber>0123</hexNumber>
        <northHexNumber>0122</northHexNumber>
        <northEastHexNumber>0222</northEastHexNumber>
        <southEastHexNumber>0223</southEastHexNumber>
        <southHexNumber>0124</southHexNumber>
        <southWestHexNumber>0000</southWestHexNumber>
        <northWestHexNumber>0000</northWestHexNumber>
        <terrainKey>Fore</terrainKey>
        <providenceName>Vynar</providenceName>
    </hex>
    <hex>
        <hexNumber>0124</hexNumber>
        <northHexNumber>0123</northHexNumber>
        <northEastHexNumber>0223</northEastHexNumber>
        <southEastHexNumber>0224</southEastHexNumber>
        <southHexNumber>0125</southHexNumber>
        <southWestHexNumber>0000</southWestHexNumber>
        <northWestHexNumber>0000</northWestHexNumber>
        <terrainKey>Fore</terrainKey>
        <providenceName>Vynar</providenceName>
        <hexEdgeMap>
          <southEastEdge>
            <edgeAttribute>Pb</edgeAttribute>
          </southEastEdge>
          <southEdge>
            <edgeAttribute>Pb</edgeAttribute>
          </southEdge>
        </hexEdgeMap>
    </hex>
    <hex>
        <hexNumber>0120</hexNumber>
        <northHexNumber>0119</northHexNumber>
        <northEastHexNumber>0219</northEastHexNumber>
        <southEastHexNumber>0220</southEastHexNumber>
        <southHexNumber>0121</southHexNumber>
        <southWestHexNumber>0000</southWestHexNumber>
        <northWestHexNumber>0000</northWestHexNumber>
        <terrainKey>Fore</terrainKey>
        <providenceName>Vynar</providenceName>
    </hex>
    <hex>
        <hexNumber>0118</hexNumber>
        <northHexNumber>0117</northHexNumber>
        <northEastHexNumber>0217</northEastHexNumber>
        <southEastHexNumber>0218</southEastHexNumber>
        <southHexNumber>0119</southHexNumber>
        <southWestHexNumber>0000</southWestHexNumber>
        <northWestHexNumber>0000</northWestHexNumber>
        <terrainKey>Fore</terrainKey>
        <providenceName>Vynar</providenceName>
    </hex>
    <hex>
        <hexNumber>0119</hexNumber>
        <northHexNumber>0118</northHexNumber>
        <northEastHexNumber>0218</northEastHexNumber>
        <southEastHexNumber>0219</southEastHexNumber>
        <southHexNumber>0120</southHexNumber>
        <southWestHexNumber>0000</southWestHexNumber>
        <northWestHexNumber>0000</northWestHexNumber>
        <terrainKey>Fore</terrainKey>
        <providenceName>Vynar</providenceName>
    </hex>
    <hex>
        <hexNumber>0114</hexNumber>
        <northHexNumber>0113</northHexNumber>
        <northEastHexNumber>0213</northEastHexNumber>
        <southEastHexNumber>0214</southEastHexNumber>
        <southHexNumber>0115</southHexNumber>
        <southWestHexNumber>0000</southWestHexNumber>
        <northWestHexNumber>0000</northWestHexNumber>
        <terrainKey>R</terrainKey>
        <providenceName>Intas</providenceName>
        <hexEdgeMap>
          <southEastEdge>
            <edgeAttribute>Pb</edgeAttribute>
          </southEastEdge>
          <southEdge>
            <edgeAttribute>Pb</edgeAttribute>
          </southEdge>
        </hexEdgeMap>
    </hex>
    <hex>
        <hexNumber>0115</hexNumber>
        <northHexNumber>0114</northHexNumber>
        <northEastHexNumber>0214</northEastHexNumber>
        <southEastHexNumber>0215</southEastHexNumber>
        <southHexNumber>0116</southHexNumber>
        <southWestHexNumber>0000</southWestHexNumber>
        <northWestHexNumber>0000</northWestHexNumber>
        <terrainKey>Wo</terrainKey>
        <providenceName>Vynar</providenceName>
        <hexEdgeMap>
          <northEdge>
            <edgeAttribute>Pb</edgeAttribute>
          </northEdge>
        </hexEdgeMap>
    </hex>
    <hex>
        <hexNumber>0136</hexNumber>
        <northHexNumber>0135</northHexNumber>
        <northEastHexNumber>0235</northEastHexNumber>
        <southEastHexNumber>0236</southEastHexNumber>
        <southHexNumber>0137</southHexNumber>
        <southWestHexNumber>0000</southWestHexNumber>
        <northWestHexNumber>0000</northWestHexNumber>
        <terrainKey>Wo</terrainKey>
        <providenceName>Nattily Woods</providenceName>
        <hexEdgeMap>
          <southEdge>
            <edgeAttribute>Pb</edgeAttribute>
          </southEdge>
        </hexEdgeMap>
    </hex>
    <hex>
        <hexNumber>0116</hexNumber>
        <northHexNumber>0115</northHexNumber>
        <northEastHexNumber>0215</northEastHexNumber>
        <southEastHexNumber>0216</southEastHexNumber>
        <southHexNumber>0117</southHexNumber>
        <southWestHexNumber>0000</southWestHexNumber>
        <northWestHexNumber>0000</northWestHexNumber>
        <terrainKey>Wo</terrainKey>
        <providenceName>Vynar</providenceName>
    </hex>
    <hex>
        <hexNumber>0137</hexNumber>
        <northHexNumber>0136</northHexNumber>
        <northEastHexNumber>0236</northEastHexNumber>
        <southEastHexNumber>0237</southEastHexNumber>
        <southHexNumber>0138</southHexNumber>
        <southWestHexNumber>0000</southWestHexNumber>
        <northWestHexNumber>0000</northWestHexNumber>
        <terrainKey>Cl</terrainKey>
        <providenceName>Minotaurus</providenceName>
        <hexEdgeMap>
          <northEdge>
            <edgeAttribute>Pb</edgeAttribute>
          </northEdge>
          <northEastEdge>
            <edgeAttribute>Pb</edgeAttribute>
          </northEastEdge>
        </hexEdgeMap>
    </hex>
    <hex>
        <hexNumber>0117</hexNumber>
        <northHexNumber>0116</northHexNumber>
        <northEastHexNumber>0216</northEastHexNumber>
        <southEastHexNumber>0217</southEastHexNumber>
        <southHexNumber>0118</southHexNumber>
        <southWestHexNumber>0000</southWestHexNumber>
        <northWestHexNumber>0000</northWestHexNumber>
        <terrainKey>Fore</terrainKey>
        <providenceName>Vynar</providenceName>
    </hex>
    <hex>
        <hexNumber>0134</hexNumber>
        <northHexNumber>0133</northHexNumber>
        <northEastHexNumber>0233</northEastHexNumber>
        <southEastHexNumber>0234</southEastHexNumber>
        <southHexNumber>0135</southHexNumber>
        <southWestHexNumber>0000</southWestHexNumber>
        <northWestHexNumber>0000</northWestHexNumber>
        <terrainKey>Wo</terrainKey>
        <providenceName>Nattily Woods</providenceName>
    </hex>
    <hex>
        <hexNumber>0110</hexNumber>
        <northHexNumber>0109</northHexNumber>
        <northEastHexNumber>0209</northEastHexNumber>
        <southEastHexNumber>0210</southEastHexNumber>
        <southHexNumber>0111</southHexNumber>
        <southWestHexNumber>0000</southWestHexNumber>
        <northWestHexNumber>0000</northWestHexNumber>
        <terrainKey>R</terrainKey>
        <providenceName>Intas</providenceName>
        <hexEdgeMap>
          <northEdge>
            <edgeAttribute>Pb</edgeAttribute>
          </northEdge>
        </hexEdgeMap>
    </hex>
    <hex>
        <hexNumber>0135</hexNumber>
        <northHexNumber>0134</northHexNumber>
        <northEastHexNumber>0234</northEastHexNumber>
        <southEastHexNumber>0235</southEastHexNumber>
        <southHexNumber>0136</southHexNumber>
        <southWestHexNumber>0000</southWestHexNumber>
        <northWestHexNumber>0000</northWestHexNumber>
        <terrainKey>Wo</terrainKey>
        <providenceName>Nattily Woods</providenceName>
    </hex>
    <hex>
        <hexNumber>0111</hexNumber>
        <northHexNumber>0110</northHexNumber>
        <northEastHexNumber>0210</northEastHexNumber>
        <southEastHexNumber>0211</southEastHexNumber>
        <southHexNumber>0112</southHexNumber>
        <southWestHexNumber>0000</southWestHexNumber>
        <northWestHexNumber>0000</northWestHexNumber>
        <terrainKey>R</terrainKey>
        <providenceName>Intas</providenceName>
    </hex>
    <hex>
        <hexNumber>0132</hexNumber>
        <northHexNumber>0131</northHexNumber>
        <northEastHexNumber>0231</northEastHexNumber>
        <southEastHexNumber>0232</southEastHexNumber>
        <southHexNumber>0133</southHexNumber>
        <southWestHexNumber>0000</southWestHexNumber>
        <northWestHexNumber>0000</northWestHexNumber>
        <terrainKey>Wo</terrainKey>
        <providenceName>Nattily Woods</providenceName>
    </hex>
    <hex>
        <hexNumber>0112</hexNumber>
        <northHexNumber>0111</northHexNumber>
        <northEastHexNumber>0211</northEastHexNumber>
        <southEastHexNumber>0212</southEastHexNumber>
        <southHexNumber>0113</southHexNumber>
        <southWestHexNumber>0000</southWestHexNumber>
        <northWestHexNumber>0000</northWestHexNumber>
        <terrainKey>R</terrainKey>
        <providenceName>Intas</providenceName>
    </hex>
    <hex>
        <hexNumber>0133</hexNumber>
        <northHexNumber>0132</northHexNumber>
        <northEastHexNumber>0232</northEastHexNumber>
        <southEastHexNumber>0233</southEastHexNumber>
        <southHexNumber>0134</southHexNumber>
        <southWestHexNumber>0000</southWestHexNumber>
        <northWestHexNumber>0000</northWestHexNumber>
        <terrainKey>Wo</terrainKey>
        <providenceName>Nattily Woods</providenceName>
    </hex>
    <hex>
        <hexNumber>0113</hexNumber>
        <northHexNumber>0112</northHexNumber>
        <northEastHexNumber>0212</northEastHexNumber>
        <southEastHexNumber>0213</southEastHexNumber>
        <southHexNumber>0114</southHexNumber>
        <southWestHexNumber>0000</southWestHexNumber>
        <northWestHexNumber>0000</northWestHexNumber>
        <terrainKey>R</terrainKey>
        <providenceName>Intas</providenceName>
    </hex>
</map>