<?xml version="1.0" encoding="UTF-8"?>
<!--
  This file was generated by MainMapBuilderForm.java

  Author: David Klingenberg
  Generated on: 2014/03/06 21:46:30
-->


<!DOCTYPE map [
  <!ELEMENT map (hex*)>
  <!ELEMENT hex (hexNumber, northHexNumber, northEastHexNumber,
                 southEastHexNumber, southHexNumber, southWestHexNumber,
                 northWestHexNumber, terrainKey, providenceName, cityHex?,
                 vortexHex?, portalHex?, hexEdgeMap?, castleHex?, hexName?,
                 capitalHex?, townHex?)>
  <!ELEMENT capitalHex (#PCDATA)>
  <!ELEMENT townHex (#PCDATA)>
  <!ELEMENT hexName (#PCDATA)>
  <!ELEMENT hexNumber (#PCDATA)>
  <!ELEMENT northHexNumber (#PCDATA)>
  <!ELEMENT northEastHexNumber (#PCDATA)>
  <!ELEMENT southEastHexNumber (#PCDATA)>
  <!ELEMENT southHexNumber (#PCDATA)>
  <!ELEMENT southWestHexNumber (#PCDATA)>
  <!ELEMENT northWestHexNumber (#PCDATA)>
  <!ELEMENT terrainKey (#PCDATA)>
  <!ELEMENT providenceName (#PCDATA)>
  <!ELEMENT cityHex (#PCDATA)>
  <!ELEMENT vortexHex (#PCDATA)>
  <!ELEMENT portalHex (#PCDATA)>
  <!ELEMENT castleHex (#PCDATA)>
  <!ELEMENT hexEdgeMap (northEdge?, northEastEdge?, southEastEdge?,
                           southEdge?, southWestEdge?, northWestEdge?) >
    <!ELEMENT northEdge (edgeAttribute+)>
    <!ELEMENT northEastEdge (edgeAttribute+)>
    <!ELEMENT southEastEdge (edgeAttribute+)>
    <!ELEMENT southEdge (edgeAttribute+)>
    <!ELEMENT southWestEdge (edgeAttribute+)>
    <!ELEMENT northWestEdge (edgeAttribute+)>
        <!ELEMENT edgeAttribute (#PCDATA)>
]>

<map>
    <hex>
        <hexNumber>0151</hexNumber>
        <northHexNumber>0150</northHexNumber>
        <northEastHexNumber>0250</northEastHexNumber>
        <southEastHexNumber>0251</southEastHexNumber>
        <southHexNumber>0152</southHexNumber>
        <southWestHexNumber>0000</southWestHexNumber>
        <northWestHexNumber>0000</northWestHexNumber>
        <terrainKey>Cu</terrainKey>
        <providenceName>The Empire</providenceName>
        <hexName></hexName>
        <hexEdgeMap>
          <northEdge>
            <edgeAttribute>Pb</edgeAttribute>
          </northEdge>
        </hexEdgeMap>
    </hex>
    <hex>
        <hexNumber>0150</hexNumber>
        <northHexNumber>0149</northHexNumber>
        <northEastHexNumber>0249</northEastHexNumber>
        <southEastHexNumber>0250</southEastHexNumber>
        <southHexNumber>0151</southHexNumber>
        <southWestHexNumber>0000</southWestHexNumber>
        <northWestHexNumber>0000</northWestHexNumber>
        <terrainKey>Mrl</terrainKey>
        <providenceName>Minotaurus</providenceName>
        <hexName></hexName>
        <hexEdgeMap>
          <southEastEdge>
            <edgeAttribute>Pb</edgeAttribute>
          </southEastEdge>
          <southEdge>
            <edgeAttribute>Pb</edgeAttribute>
          </southEdge>
        </hexEdgeMap>
    </hex>
    <hex>
        <hexNumber>0153</hexNumber>
        <northHexNumber>0152</northHexNumber>
        <northEastHexNumber>0252</northEastHexNumber>
        <southEastHexNumber>0253</southEastHexNumber>
        <southHexNumber>0154</southHexNumber>
        <southWestHexNumber>0000</southWestHexNumber>
        <northWestHexNumber>0000</northWestHexNumber>
        <terrainKey>Cu</terrainKey>
        <providenceName>The Empire</providenceName>
        <hexName></hexName>
    </hex>
    <hex>
        <hexNumber>0152</hexNumber>
        <northHexNumber>0151</northHexNumber>
        <northEastHexNumber>0251</northEastHexNumber>
        <southEastHexNumber>0252</southEastHexNumber>
        <southHexNumber>0153</southHexNumber>
        <southWestHexNumber>0000</southWestHexNumber>
        <northWestHexNumber>0000</northWestHexNumber>
        <terrainKey>Cu</terrainKey>
        <providenceName>The Empire</providenceName>
        <hexName></hexName>
        <hexEdgeMap>
          <northEastEdge>
            <edgeAttribute>Rd</edgeAttribute>
          </northEastEdge>
          <southWestEdge>
            <edgeAttribute>Rd</edgeAttribute>
          </southWestEdge>
        </hexEdgeMap>
    </hex>
    <hex>
        <hexNumber>0250</hexNumber>
        <northHexNumber>0249</northHexNumber>
        <northEastHexNumber>0350</northEastHexNumber>
        <southEastHexNumber>0351</southEastHexNumber>
        <southHexNumber>0251</southHexNumber>
        <southWestHexNumber>0151</southWestHexNumber>
        <northWestHexNumber>0150</northWestHexNumber>
        <terrainKey>Cu</terrainKey>
        <providenceName>The Empire</providenceName>
        <hexName></hexName>
        <hexEdgeMap>
          <northEdge>
            <edgeAttribute>Pb</edgeAttribute>
          </northEdge>
          <northEastEdge>
            <edgeAttribute>Pb</edgeAttribute>
          </northEastEdge>
          <northWestEdge>
            <edgeAttribute>Pb</edgeAttribute>
          </northWestEdge>
        </hexEdgeMap>
    </hex>
    <hex>
        <hexNumber>0252</hexNumber>
        <northHexNumber>0251</northHexNumber>
        <northEastHexNumber>0352</northEastHexNumber>
        <southEastHexNumber>0353</southEastHexNumber>
        <southHexNumber>0253</southHexNumber>
        <southWestHexNumber>0153</southWestHexNumber>
        <northWestHexNumber>0152</northWestHexNumber>
        <terrainKey>Cu</terrainKey>
        <providenceName>The Empire</providenceName>
        <hexName></hexName>
        <hexEdgeMap>
          <northEastEdge>
            <edgeAttribute>Wa</edgeAttribute>
          </northEastEdge>
        </hexEdgeMap>
    </hex>
    <hex>
        <hexNumber>0251</hexNumber>
        <northHexNumber>0250</northHexNumber>
        <northEastHexNumber>0351</northEastHexNumber>
        <southEastHexNumber>0352</southEastHexNumber>
        <southHexNumber>0252</southHexNumber>
        <southWestHexNumber>0152</southWestHexNumber>
        <northWestHexNumber>0151</northWestHexNumber>
        <terrainKey>Cu</terrainKey>
        <providenceName>The Empire</providenceName>
        <hexName></hexName>
        <hexEdgeMap>
          <southEastEdge>
            <edgeAttribute>Ga</edgeAttribute>
            <edgeAttribute>Rd</edgeAttribute>
          </southEastEdge>
          <southWestEdge>
            <edgeAttribute>Rd</edgeAttribute>
          </southWestEdge>
        </hexEdgeMap>
    </hex>
    <hex>
        <hexNumber>0246</hexNumber>
        <northHexNumber>0245</northHexNumber>
        <northEastHexNumber>0346</northEastHexNumber>
        <southEastHexNumber>0347</southEastHexNumber>
        <southHexNumber>0247</southHexNumber>
        <southWestHexNumber>0147</southWestHexNumber>
        <northWestHexNumber>0146</northWestHexNumber>
        <terrainKey>Cl</terrainKey>
        <providenceName>Minotaurus</providenceName>
        <hexName></hexName>
    </hex>
    <hex>
        <hexNumber>0247</hexNumber>
        <northHexNumber>0246</northHexNumber>
        <northEastHexNumber>0347</northEastHexNumber>
        <southEastHexNumber>0348</southEastHexNumber>
        <southHexNumber>0248</southHexNumber>
        <southWestHexNumber>0148</southWestHexNumber>
        <northWestHexNumber>0147</northWestHexNumber>
        <terrainKey>Cl</terrainKey>
        <providenceName>Minotaurus</providenceName>
        <hexName></hexName>
    </hex>
    <hex>
        <hexNumber>0248</hexNumber>
        <northHexNumber>0247</northHexNumber>
        <northEastHexNumber>0348</northEastHexNumber>
        <southEastHexNumber>0349</southEastHexNumber>
        <southHexNumber>0249</southHexNumber>
        <southWestHexNumber>0149</southWestHexNumber>
        <northWestHexNumber>0148</northWestHexNumber>
        <terrainKey>Cl</terrainKey>
        <providenceName>Minotaurus</providenceName>
        <hexName></hexName>
    </hex>
    <hex>
        <hexNumber>0249</hexNumber>
        <northHexNumber>0248</northHexNumber>
        <northEastHexNumber>0349</northEastHexNumber>
        <southEastHexNumber>0350</southEastHexNumber>
        <southHexNumber>0250</southHexNumber>
        <southWestHexNumber>0150</southWestHexNumber>
        <northWestHexNumber>0149</northWestHexNumber>
        <terrainKey>Mrl</terrainKey>
        <providenceName>Minotaurus</providenceName>
        <hexName></hexName>
        <hexEdgeMap>
          <southEdge>
            <edgeAttribute>Pb</edgeAttribute>
          </southEdge>
        </hexEdgeMap>
    </hex>
    <hex>
        <hexNumber>0242</hexNumber>
        <northHexNumber>0241</northHexNumber>
        <northEastHexNumber>0342</northEastHexNumber>
        <southEastHexNumber>0343</southEastHexNumber>
        <southHexNumber>0243</southHexNumber>
        <southWestHexNumber>0143</southWestHexNumber>
        <northWestHexNumber>0142</northWestHexNumber>
        <terrainKey>Cl</terrainKey>
        <providenceName>Minotaurus</providenceName>
        <hexName></hexName>
    </hex>
    <hex>
        <hexNumber>0243</hexNumber>
        <northHexNumber>0242</northHexNumber>
        <northEastHexNumber>0343</northEastHexNumber>
        <southEastHexNumber>0344</southEastHexNumber>
        <southHexNumber>0244</southHexNumber>
        <southWestHexNumber>0144</southWestHexNumber>
        <northWestHexNumber>0143</northWestHexNumber>
        <terrainKey>Cl</terrainKey>
        <providenceName>Minotaurus</providenceName>
        <hexName></hexName>
    </hex>
    <hex>
        <hexNumber>0244</hexNumber>
        <northHexNumber>0243</northHexNumber>
        <northEastHexNumber>0344</northEastHexNumber>
        <southEastHexNumber>0345</southEastHexNumber>
        <southHexNumber>0245</southHexNumber>
        <southWestHexNumber>0145</southWestHexNumber>
        <northWestHexNumber>0144</northWestHexNumber>
        <terrainKey>Cl</terrainKey>
        <providenceName>Minotaurus</providenceName>
        <hexName></hexName>
    </hex>
    <hex>
        <hexNumber>0245</hexNumber>
        <northHexNumber>0244</northHexNumber>
        <northEastHexNumber>0345</northEastHexNumber>
        <southEastHexNumber>0346</southEastHexNumber>
        <southHexNumber>0246</southHexNumber>
        <southWestHexNumber>0146</southWestHexNumber>
        <northWestHexNumber>0145</northWestHexNumber>
        <terrainKey>Cl</terrainKey>
        <providenceName>Minotaurus</providenceName>
        <hexName></hexName>
    </hex>
    <hex>
        <hexNumber>0143</hexNumber>
        <northHexNumber>0142</northHexNumber>
        <northEastHexNumber>0242</northEastHexNumber>
        <southEastHexNumber>0243</southEastHexNumber>
        <southHexNumber>0144</southHexNumber>
        <southWestHexNumber>0000</southWestHexNumber>
        <northWestHexNumber>0000</northWestHexNumber>
        <terrainKey>Cl</terrainKey>
        <providenceName>Minotaurus</providenceName>
        <hexName></hexName>
    </hex>
    <hex>
        <hexNumber>0144</hexNumber>
        <northHexNumber>0143</northHexNumber>
        <northEastHexNumber>0243</northEastHexNumber>
        <southEastHexNumber>0244</southEastHexNumber>
        <southHexNumber>0145</southHexNumber>
        <southWestHexNumber>0000</southWestHexNumber>
        <northWestHexNumber>0000</northWestHexNumber>
        <terrainKey>Cl</terrainKey>
        <providenceName>Minotaurus</providenceName>
        <hexName></hexName>
    </hex>
    <hex>
        <hexNumber>0145</hexNumber>
        <northHexNumber>0144</northHexNumber>
        <northEastHexNumber>0244</northEastHexNumber>
        <southEastHexNumber>0245</southEastHexNumber>
        <southHexNumber>0146</southHexNumber>
        <southWestHexNumber>0000</southWestHexNumber>
        <northWestHexNumber>0000</northWestHexNumber>
        <terrainKey>Cl</terrainKey>
        <providenceName>Minotaurus</providenceName>
        <hexName></hexName>
    </hex>
    <hex>
        <hexNumber>0146</hexNumber>
        <northHexNumber>0145</northHexNumber>
        <northEastHexNumber>0245</northEastHexNumber>
        <southEastHexNumber>0246</southEastHexNumber>
        <southHexNumber>0147</southHexNumber>
        <southWestHexNumber>0000</southWestHexNumber>
        <northWestHexNumber>0000</northWestHexNumber>
        <terrainKey>Cl</terrainKey>
        <providenceName>Minotaurus</providenceName>
        <hexName></hexName>
    </hex>
    <hex>
        <hexNumber>0147</hexNumber>
        <northHexNumber>0146</northHexNumber>
        <northEastHexNumber>0246</northEastHexNumber>
        <southEastHexNumber>0247</southEastHexNumber>
        <southHexNumber>0148</southHexNumber>
        <southWestHexNumber>0000</southWestHexNumber>
        <northWestHexNumber>0000</northWestHexNumber>
        <terrainKey>Cl</terrainKey>
        <providenceName>Minotaurus</providenceName>
        <hexName></hexName>
    </hex>
    <hex>
        <hexNumber>0148</hexNumber>
        <northHexNumber>0147</northHexNumber>
        <northEastHexNumber>0247</northEastHexNumber>
        <southEastHexNumber>0248</southEastHexNumber>
        <southHexNumber>0149</southHexNumber>
        <southWestHexNumber>0000</southWestHexNumber>
        <northWestHexNumber>0000</northWestHexNumber>
        <terrainKey>Cl</terrainKey>
        <providenceName>Minotaurus</providenceName>
        <hexName></hexName>
    </hex>
    <hex>
        <hexNumber>0149</hexNumber>
        <northHexNumber>0148</northHexNumber>
        <northEastHexNumber>0248</northEastHexNumber>
        <southEastHexNumber>0249</southEastHexNumber>
        <southHexNumber>0150</southHexNumber>
        <southWestHexNumber>0000</southWestHexNumber>
        <northWestHexNumber>0000</northWestHexNumber>
        <terrainKey>Cl</terrainKey>
        <providenceName>Minotaurus</providenceName>
        <hexName></hexName>
    </hex>
    <hex>
        <hexNumber>0253</hexNumber>
        <northHexNumber>0252</northHexNumber>
        <northEastHexNumber>0353</northEastHexNumber>
        <southEastHexNumber>0354</southEastHexNumber>
        <southHexNumber>0000</southHexNumber>
        <southWestHexNumber>0154</southWestHexNumber>
        <northWestHexNumber>0153</northWestHexNumber>
        <terrainKey>Cu</terrainKey>
        <providenceName>The Empire</providenceName>
        <hexName></hexName>
        <hexEdgeMap>
          <southEastEdge>
            <edgeAttribute>Rd</edgeAttribute>
          </southEastEdge>
          <southWestEdge>
            <edgeAttribute>Rd</edgeAttribute>
          </southWestEdge>
          <northWestEdge>
          </northWestEdge>
        </hexEdgeMap>
    </hex>
    <hex>
        <hexNumber>0154</hexNumber>
        <northHexNumber>0153</northHexNumber>
        <northEastHexNumber>0253</northEastHexNumber>
        <southEastHexNumber>0000</southEastHexNumber>
        <southHexNumber>0000</southHexNumber>
        <southWestHexNumber>0000</southWestHexNumber>
        <northWestHexNumber>0000</northWestHexNumber>
        <terrainKey>Cu</terrainKey>
        <providenceName>The Empire</providenceName>
        <hexName></hexName>
        <hexEdgeMap>
          <northEastEdge>
            <edgeAttribute>Rd</edgeAttribute>
          </northEastEdge>
          <southWestEdge>
            <edgeAttribute>Rd</edgeAttribute>
          </southWestEdge>
        </hexEdgeMap>
    </hex>
    <hex>
        <hexNumber>0312</hexNumber>
        <northHexNumber>0311</northHexNumber>
        <northEastHexNumber>0411</northEastHexNumber>
        <southEastHexNumber>0412</southEastHexNumber>
        <southHexNumber>0313</southHexNumber>
        <southWestHexNumber>0212</southWestHexNumber>
        <northWestHexNumber>0211</northWestHexNumber>
        <terrainKey>Wo</terrainKey>
        <providenceName>Vynar</providenceName>
        <hexEdgeMap>
          <northEdge>
            <edgeAttribute>Pb</edgeAttribute>
          </northEdge>
          <northEastEdge>
            <edgeAttribute>Pb</edgeAttribute>
          </northEastEdge>
          <southWestEdge>
            <edgeAttribute>Pb</edgeAttribute>
          </southWestEdge>
          <northWestEdge>
            <edgeAttribute>Pb</edgeAttribute>
          </northWestEdge>
        </hexEdgeMap>
    </hex>
    <hex>
        <hexNumber>0313</hexNumber>
        <northHexNumber>0312</northHexNumber>
        <northEastHexNumber>0412</northEastHexNumber>
        <southEastHexNumber>0413</southEastHexNumber>
        <southHexNumber>0314</southHexNumber>
        <southWestHexNumber>0213</southWestHexNumber>
        <northWestHexNumber>0212</northWestHexNumber>
        <terrainKey>Wo</terrainKey>
        <providenceName>Vynar</providenceName>
        <hexEdgeMap>
          <southWestEdge>
            <edgeAttribute>Pb</edgeAttribute>
          </southWestEdge>
          <northWestEdge>
            <edgeAttribute>Pb</edgeAttribute>
          </northWestEdge>
        </hexEdgeMap>
    </hex>
    <hex>
        <hexNumber>0314</hexNumber>
        <northHexNumber>0313</northHexNumber>
        <northEastHexNumber>0413</northEastHexNumber>
        <southEastHexNumber>0414</southEastHexNumber>
        <southHexNumber>0315</southHexNumber>
        <southWestHexNumber>0214</southWestHexNumber>
        <northWestHexNumber>0213</northWestHexNumber>
        <terrainKey>Wo</terrainKey>
        <providenceName>Vynar</providenceName>
        <hexEdgeMap>
          <northWestEdge>
            <edgeAttribute>Pb</edgeAttribute>
          </northWestEdge>
        </hexEdgeMap>
    </hex>
    <hex>
        <hexNumber>0131</hexNumber>
        <northHexNumber>0130</northHexNumber>
        <northEastHexNumber>0230</northEastHexNumber>
        <southEastHexNumber>0231</southEastHexNumber>
        <southHexNumber>0132</southHexNumber>
        <southWestHexNumber>0000</southWestHexNumber>
        <northWestHexNumber>0000</northWestHexNumber>
        <terrainKey>Wo</terrainKey>
        <providenceName>Nattily Woods</providenceName>
        <hexName></hexName>
    </hex>
    <hex>
        <hexNumber>0315</hexNumber>
        <northHexNumber>0314</northHexNumber>
        <northEastHexNumber>0414</northEastHexNumber>
        <southEastHexNumber>0415</southEastHexNumber>
        <southHexNumber>0316</southHexNumber>
        <southWestHexNumber>0215</southWestHexNumber>
        <northWestHexNumber>0214</northWestHexNumber>
        <terrainKey>Wo</terrainKey>
        <providenceName>Vynar</providenceName>
    </hex>
    <hex>
        <hexNumber>0130</hexNumber>
        <northHexNumber>0129</northHexNumber>
        <northEastHexNumber>0229</northEastHexNumber>
        <southEastHexNumber>0230</southEastHexNumber>
        <southHexNumber>0131</southHexNumber>
        <southWestHexNumber>0000</southWestHexNumber>
        <northWestHexNumber>0000</northWestHexNumber>
        <terrainKey>Wo</terrainKey>
        <providenceName>Nattily Woods</providenceName>
        <hexName></hexName>
    </hex>
    <hex>
        <hexNumber>0310</hexNumber>
        <northHexNumber>0309</northHexNumber>
        <northEastHexNumber>0409</northEastHexNumber>
        <southEastHexNumber>0410</southEastHexNumber>
        <southHexNumber>0311</southHexNumber>
        <southWestHexNumber>0210</southWestHexNumber>
        <northWestHexNumber>0209</northWestHexNumber>
        <terrainKey>R</terrainKey>
        <providenceName>Intas</providenceName>
        <hexName></hexName>
    </hex>
    <hex>
        <hexNumber>0311</hexNumber>
        <northHexNumber>0310</northHexNumber>
        <northEastHexNumber>0410</northEastHexNumber>
        <southEastHexNumber>0411</southEastHexNumber>
        <southHexNumber>0312</southHexNumber>
        <southWestHexNumber>0211</southWestHexNumber>
        <northWestHexNumber>0210</northWestHexNumber>
        <terrainKey>Bro</terrainKey>
        <providenceName>Intas</providenceName>
        <hexEdgeMap>
          <southEdge>
            <edgeAttribute>Pb</edgeAttribute>
          </southEdge>
        </hexEdgeMap>
    </hex>
    <hex>
        <hexNumber>0316</hexNumber>
        <northHexNumber>0315</northHexNumber>
        <northEastHexNumber>0415</northEastHexNumber>
        <southEastHexNumber>0416</southEastHexNumber>
        <southHexNumber>0317</southHexNumber>
        <southWestHexNumber>0216</southWestHexNumber>
        <northWestHexNumber>0215</northWestHexNumber>
        <terrainKey>Fore</terrainKey>
        <providenceName>Vynar</providenceName>
    </hex>
    <hex>
        <hexNumber>0317</hexNumber>
        <northHexNumber>0316</northHexNumber>
        <northEastHexNumber>0416</northEastHexNumber>
        <southEastHexNumber>0417</southEastHexNumber>
        <southHexNumber>0318</southHexNumber>
        <southWestHexNumber>0217</southWestHexNumber>
        <northWestHexNumber>0216</northWestHexNumber>
        <terrainKey>Fore</terrainKey>
        <providenceName>Vynar</providenceName>
    </hex>
    <hex>
        <hexNumber>0318</hexNumber>
        <northHexNumber>0317</northHexNumber>
        <northEastHexNumber>0417</northEastHexNumber>
        <southEastHexNumber>0418</southEastHexNumber>
        <southHexNumber>0319</southHexNumber>
        <southWestHexNumber>0218</southWestHexNumber>
        <northWestHexNumber>0217</northWestHexNumber>
        <terrainKey>Fore</terrainKey>
        <providenceName>Vynar</providenceName>
    </hex>
    <hex>
        <hexNumber>0319</hexNumber>
        <northHexNumber>0318</northHexNumber>
        <northEastHexNumber>0418</northEastHexNumber>
        <southEastHexNumber>0419</southEastHexNumber>
        <southHexNumber>0320</southHexNumber>
        <southWestHexNumber>0219</southWestHexNumber>
        <northWestHexNumber>0218</northWestHexNumber>
        <terrainKey>Fore</terrainKey>
        <providenceName>Vynar</providenceName>
        <hexName></hexName>
        <CapitalHex>true</CapitalHex>
    </hex>
    <hex>
        <hexNumber>0129</hexNumber>
        <northHexNumber>0128</northHexNumber>
        <northEastHexNumber>0228</northEastHexNumber>
        <southEastHexNumber>0229</southEastHexNumber>
        <southHexNumber>0130</southHexNumber>
        <southWestHexNumber>0000</southWestHexNumber>
        <northWestHexNumber>0000</northWestHexNumber>
        <terrainKey>Wo</terrainKey>
        <providenceName>Nattily Woods</providenceName>
        <hexName></hexName>
    </hex>
    <hex>
        <hexNumber>0109</hexNumber>
        <northHexNumber>0108</northHexNumber>
        <northEastHexNumber>0208</northEastHexNumber>
        <southEastHexNumber>0209</southEastHexNumber>
        <southHexNumber>0110</southHexNumber>
        <southWestHexNumber>0000</southWestHexNumber>
        <northWestHexNumber>0000</northWestHexNumber>
        <terrainKey>D</terrainKey>
        <providenceName>Kelgarnth</providenceName>
        <hexName></hexName>
        <hexEdgeMap>
          <northEastEdge>
            <edgeAttribute>Pb</edgeAttribute>
          </northEastEdge>
          <southEastEdge>
            <edgeAttribute>Pb</edgeAttribute>
          </southEastEdge>
          <southEdge>
            <edgeAttribute>Pb</edgeAttribute>
          </southEdge>
        </hexEdgeMap>
    </hex>
    <hex>
        <hexNumber>0107</hexNumber>
        <northHexNumber>0106</northHexNumber>
        <northEastHexNumber>0206</northEastHexNumber>
        <southEastHexNumber>0207</southEastHexNumber>
        <southHexNumber>0108</southHexNumber>
        <southWestHexNumber>0000</southWestHexNumber>
        <northWestHexNumber>0000</northWestHexNumber>
        <terrainKey>D</terrainKey>
        <providenceName>Kelgarnth</providenceName>
        <hexName></hexName>
        <hexEdgeMap>
          <northEastEdge>
            <edgeAttribute>Pb</edgeAttribute>
          </northEastEdge>
          <southEastEdge>
            <edgeAttribute>Pb</edgeAttribute>
          </southEastEdge>
        </hexEdgeMap>
    </hex>
    <hex>
        <hexNumber>0108</hexNumber>
        <northHexNumber>0107</northHexNumber>
        <northEastHexNumber>0207</northEastHexNumber>
        <southEastHexNumber>0208</southEastHexNumber>
        <southHexNumber>0109</southHexNumber>
        <southWestHexNumber>0000</southWestHexNumber>
        <northWestHexNumber>0000</northWestHexNumber>
        <terrainKey>D</terrainKey>
        <providenceName>Kelgarnth</providenceName>
        <hexName></hexName>
        <hexEdgeMap>
          <northEastEdge>
            <edgeAttribute>Pb</edgeAttribute>
          </northEastEdge>
          <southEastEdge>
            <edgeAttribute>Pb</edgeAttribute>
          </southEastEdge>
        </hexEdgeMap>
    </hex>
    <hex>
        <hexNumber>0125</hexNumber>
        <northHexNumber>0124</northHexNumber>
        <northEastHexNumber>0224</northEastHexNumber>
        <southEastHexNumber>0225</southEastHexNumber>
        <southHexNumber>0126</southHexNumber>
        <southWestHexNumber>0000</southWestHexNumber>
        <northWestHexNumber>0000</northWestHexNumber>
        <terrainKey>Wo</terrainKey>
        <providenceName>Nattily Woods</providenceName>
        <hexName></hexName>
        <hexEdgeMap>
          <northEdge>
            <edgeAttribute>Pb</edgeAttribute>
          </northEdge>
        </hexEdgeMap>
    </hex>
    <hex>
        <hexNumber>0105</hexNumber>
        <northHexNumber>0104</northHexNumber>
        <northEastHexNumber>0204</northEastHexNumber>
        <southEastHexNumber>0205</southEastHexNumber>
        <southHexNumber>0106</southHexNumber>
        <southWestHexNumber>0000</southWestHexNumber>
        <northWestHexNumber>0000</northWestHexNumber>
        <terrainKey>D</terrainKey>
        <providenceName>Kelgarnth</providenceName>
        <hexName></hexName>
        <hexEdgeMap>
          <southEdge>
            <edgeAttribute>Pb</edgeAttribute>
          </southEdge>
        </hexEdgeMap>
    </hex>
    <hex>
        <hexNumber>0126</hexNumber>
        <northHexNumber>0125</northHexNumber>
        <northEastHexNumber>0225</northEastHexNumber>
        <southEastHexNumber>0226</southEastHexNumber>
        <southHexNumber>0127</southHexNumber>
        <southWestHexNumber>0000</southWestHexNumber>
        <northWestHexNumber>0000</northWestHexNumber>
        <terrainKey>Wo</terrainKey>
        <providenceName>Nattily Woods</providenceName>
        <hexName></hexName>
        <hexEdgeMap>
          <northEastEdge>
            <edgeAttribute>Tr</edgeAttribute>
          </northEastEdge>
          <southWestEdge>
            <edgeAttribute>Tr</edgeAttribute>
          </southWestEdge>
        </hexEdgeMap>
    </hex>
    <hex>
        <hexNumber>0106</hexNumber>
        <northHexNumber>0105</northHexNumber>
        <northEastHexNumber>0205</northEastHexNumber>
        <southEastHexNumber>0206</southEastHexNumber>
        <southHexNumber>0107</southHexNumber>
        <southWestHexNumber>0000</southWestHexNumber>
        <northWestHexNumber>0000</northWestHexNumber>
        <terrainKey>D</terrainKey>
        <providenceName>Kelgarnth</providenceName>
        <hexName></hexName>
        <hexEdgeMap>
          <northEastEdge>
            <edgeAttribute>Pb</edgeAttribute>
          </northEastEdge>
          <southEastEdge>
            <edgeAttribute>Pb</edgeAttribute>
          </southEastEdge>
        </hexEdgeMap>
    </hex>
    <hex>
        <hexNumber>0127</hexNumber>
        <northHexNumber>0126</northHexNumber>
        <northEastHexNumber>0226</northEastHexNumber>
        <southEastHexNumber>0227</southEastHexNumber>
        <southHexNumber>0128</southHexNumber>
        <southWestHexNumber>0000</southWestHexNumber>
        <northWestHexNumber>0000</northWestHexNumber>
        <terrainKey>Wo</terrainKey>
        <providenceName>Nattily Woods</providenceName>
        <hexName></hexName>
    </hex>
    <hex>
        <hexNumber>0103</hexNumber>
        <northHexNumber>0102</northHexNumber>
        <northEastHexNumber>0202</northEastHexNumber>
        <southEastHexNumber>0203</southEastHexNumber>
        <southHexNumber>0104</southHexNumber>
        <southWestHexNumber>0000</southWestHexNumber>
        <northWestHexNumber>0000</northWestHexNumber>
        <terrainKey>D</terrainKey>
        <providenceName>Kelgarnth</providenceName>
        <hexName></hexName>
    </hex>
    <hex>
        <hexNumber>0128</hexNumber>
        <northHexNumber>0127</northHexNumber>
        <northEastHexNumber>0227</northEastHexNumber>
        <southEastHexNumber>0228</southEastHexNumber>
        <southHexNumber>0129</southHexNumber>
        <southWestHexNumber>0000</southWestHexNumber>
        <northWestHexNumber>0000</northWestHexNumber>
        <terrainKey>Wo</terrainKey>
        <providenceName>Nattily Woods</providenceName>
        <hexName></hexName>
    </hex>
    <hex>
        <hexNumber>0104</hexNumber>
        <northHexNumber>0103</northHexNumber>
        <northEastHexNumber>0203</northEastHexNumber>
        <southEastHexNumber>0204</southEastHexNumber>
        <southHexNumber>0105</southHexNumber>
        <southWestHexNumber>0000</southWestHexNumber>
        <northWestHexNumber>0000</northWestHexNumber>
        <terrainKey>D</terrainKey>
        <providenceName>Kelgarnth</providenceName>
        <hexName></hexName>
    </hex>
    <hex>
        <hexNumber>0101</hexNumber>
        <northHexNumber>0000</northHexNumber>
        <northEastHexNumber>0000</northEastHexNumber>
        <southEastHexNumber>0201</southEastHexNumber>
        <southHexNumber>0102</southHexNumber>
        <southWestHexNumber>0000</southWestHexNumber>
        <northWestHexNumber>0000</northWestHexNumber>
        <terrainKey>D</terrainKey>
        <providenceName>Kelgarnth</providenceName>
        <hexName></hexName>
    </hex>
    <hex>
        <hexNumber>0121</hexNumber>
        <northHexNumber>0120</northHexNumber>
        <northEastHexNumber>0220</northEastHexNumber>
        <southEastHexNumber>0221</southEastHexNumber>
        <southHexNumber>0122</southHexNumber>
        <southWestHexNumber>0000</southWestHexNumber>
        <northWestHexNumber>0000</northWestHexNumber>
        <terrainKey>Fore</terrainKey>
        <providenceName>Vynar</providenceName>
        <hexName></hexName>
    </hex>
    <hex>
        <hexNumber>0102</hexNumber>
        <northHexNumber>0101</northHexNumber>
        <northEastHexNumber>0201</northEastHexNumber>
        <southEastHexNumber>0202</southEastHexNumber>
        <southHexNumber>0103</southHexNumber>
        <southWestHexNumber>0000</southWestHexNumber>
        <northWestHexNumber>0000</northWestHexNumber>
        <terrainKey>Mo</terrainKey>
        <providenceName>Kelgarnth</providenceName>
        <hexName></hexName>
    </hex>
    <hex>
        <hexNumber>0122</hexNumber>
        <northHexNumber>0121</northHexNumber>
        <northEastHexNumber>0221</northEastHexNumber>
        <southEastHexNumber>0222</southEastHexNumber>
        <southHexNumber>0123</southHexNumber>
        <southWestHexNumber>0000</southWestHexNumber>
        <northWestHexNumber>0000</northWestHexNumber>
        <terrainKey>Fore</terrainKey>
        <providenceName>Vynar</providenceName>
        <hexName></hexName>
    </hex>
    <hex>
        <hexNumber>0123</hexNumber>
        <northHexNumber>0122</northHexNumber>
        <northEastHexNumber>0222</northEastHexNumber>
        <southEastHexNumber>0223</southEastHexNumber>
        <southHexNumber>0124</southHexNumber>
        <southWestHexNumber>0000</southWestHexNumber>
        <northWestHexNumber>0000</northWestHexNumber>
        <terrainKey>Fore</terrainKey>
        <providenceName>Vynar</providenceName>
        <hexName></hexName>
    </hex>
    <hex>
        <hexNumber>0124</hexNumber>
        <northHexNumber>0123</northHexNumber>
        <northEastHexNumber>0223</northEastHexNumber>
        <southEastHexNumber>0224</southEastHexNumber>
        <southHexNumber>0125</southHexNumber>
        <southWestHexNumber>0000</southWestHexNumber>
        <northWestHexNumber>0000</northWestHexNumber>
        <terrainKey>Fore</terrainKey>
        <providenceName>Vynar</providenceName>
        <hexName></hexName>
        <hexEdgeMap>
          <southEastEdge>
            <edgeAttribute>Pb</edgeAttribute>
          </southEastEdge>
          <southEdge>
            <edgeAttribute>Pb</edgeAttribute>
          </southEdge>
        </hexEdgeMap>
    </hex>
    <hex>
        <hexNumber>0303</hexNumber>
        <northHexNumber>0302</northHexNumber>
        <northEastHexNumber>0402</northEastHexNumber>
        <southEastHexNumber>0403</southEastHexNumber>
        <southHexNumber>0304</southHexNumber>
        <southWestHexNumber>0203</southWestHexNumber>
        <northWestHexNumber>0202</northWestHexNumber>
        <terrainKey>R</terrainKey>
        <providenceName>Kelgarnth</providenceName>
        <hexName></hexName>
    </hex>
    <hex>
        <hexNumber>0142</hexNumber>
        <northHexNumber>0141</northHexNumber>
        <northEastHexNumber>0241</northEastHexNumber>
        <southEastHexNumber>0242</southEastHexNumber>
        <southHexNumber>0143</southHexNumber>
        <southWestHexNumber>0000</southWestHexNumber>
        <northWestHexNumber>0000</northWestHexNumber>
        <terrainKey>Cl</terrainKey>
        <providenceName>Minotaurus</providenceName>
        <hexName></hexName>
    </hex>
    <hex>
        <hexNumber>0304</hexNumber>
        <northHexNumber>0303</northHexNumber>
        <northEastHexNumber>0403</northEastHexNumber>
        <southEastHexNumber>0404</southEastHexNumber>
        <southHexNumber>0305</southHexNumber>
        <southWestHexNumber>0204</southWestHexNumber>
        <northWestHexNumber>0203</northWestHexNumber>
        <terrainKey>R</terrainKey>
        <providenceName>Kelgarnth</providenceName>
        <hexName></hexName>
        <hexEdgeMap>
          <southEastEdge>
            <edgeAttribute>Pb</edgeAttribute>
          </southEastEdge>
          <southEdge>
            <edgeAttribute>Pb</edgeAttribute>
          </southEdge>
        </hexEdgeMap>
    </hex>
    <hex>
        <hexNumber>0141</hexNumber>
        <northHexNumber>0140</northHexNumber>
        <northEastHexNumber>0240</northEastHexNumber>
        <southEastHexNumber>0241</southEastHexNumber>
        <southHexNumber>0142</southHexNumber>
        <southWestHexNumber>0000</southWestHexNumber>
        <northWestHexNumber>0000</northWestHexNumber>
        <terrainKey>Cl</terrainKey>
        <providenceName>Minotaurus</providenceName>
        <hexName></hexName>
    </hex>
    <hex>
        <hexNumber>0301</hexNumber>
        <northHexNumber>0000</northHexNumber>
        <northEastHexNumber>0000</northEastHexNumber>
        <southEastHexNumber>0401</southEastHexNumber>
        <southHexNumber>0302</southHexNumber>
        <southWestHexNumber>0201</southWestHexNumber>
        <northWestHexNumber>0000</northWestHexNumber>
        <terrainKey>D</terrainKey>
        <providenceName>Kelgarnth</providenceName>
        <hexName></hexName>
    </hex>
    <hex>
        <hexNumber>0140</hexNumber>
        <northHexNumber>0139</northHexNumber>
        <northEastHexNumber>0239</northEastHexNumber>
        <southEastHexNumber>0240</southEastHexNumber>
        <southHexNumber>0141</southHexNumber>
        <southWestHexNumber>0000</southWestHexNumber>
        <northWestHexNumber>0000</northWestHexNumber>
        <terrainKey>Cl</terrainKey>
        <providenceName>Minotaurus</providenceName>
        <hexName></hexName>
        <hexEdgeMap>
          <northEdge>
            <edgeAttribute>St</edgeAttribute>
          </northEdge>
        </hexEdgeMap>
    </hex>
    <hex>
        <hexNumber>0120</hexNumber>
        <northHexNumber>0119</northHexNumber>
        <northEastHexNumber>0219</northEastHexNumber>
        <southEastHexNumber>0220</southEastHexNumber>
        <southHexNumber>0121</southHexNumber>
        <southWestHexNumber>0000</southWestHexNumber>
        <northWestHexNumber>0000</northWestHexNumber>
        <terrainKey>Fore</terrainKey>
        <providenceName>Vynar</providenceName>
        <hexName></hexName>
    </hex>
    <hex>
        <hexNumber>0302</hexNumber>
        <northHexNumber>0301</northHexNumber>
        <northEastHexNumber>0401</northEastHexNumber>
        <southEastHexNumber>0402</southEastHexNumber>
        <southHexNumber>0303</southHexNumber>
        <southWestHexNumber>0202</southWestHexNumber>
        <northWestHexNumber>0201</northWestHexNumber>
        <terrainKey>Mo</terrainKey>
        <providenceName>Kelgarnth</providenceName>
        <hexName></hexName>
    </hex>
    <hex>
        <hexNumber>0309</hexNumber>
        <northHexNumber>0308</northHexNumber>
        <northEastHexNumber>0408</northEastHexNumber>
        <southEastHexNumber>0409</southEastHexNumber>
        <southHexNumber>0310</southHexNumber>
        <southWestHexNumber>0209</southWestHexNumber>
        <northWestHexNumber>0208</northWestHexNumber>
        <terrainKey>R</terrainKey>
        <providenceName>Intas</providenceName>
        <hexName></hexName>
    </hex>
    <hex>
        <hexNumber>0307</hexNumber>
        <northHexNumber>0306</northHexNumber>
        <northEastHexNumber>0406</northEastHexNumber>
        <southEastHexNumber>0407</southEastHexNumber>
        <southHexNumber>0308</southHexNumber>
        <southWestHexNumber>0207</southWestHexNumber>
        <northWestHexNumber>0206</northWestHexNumber>
        <terrainKey>R</terrainKey>
        <providenceName>Intas</providenceName>
        <hexName></hexName>
    </hex>
    <hex>
        <hexNumber>0308</hexNumber>
        <northHexNumber>0307</northHexNumber>
        <northEastHexNumber>0407</northEastHexNumber>
        <southEastHexNumber>0408</southEastHexNumber>
        <southHexNumber>0309</southHexNumber>
        <southWestHexNumber>0208</southWestHexNumber>
        <northWestHexNumber>0207</northWestHexNumber>
        <terrainKey>R</terrainKey>
        <providenceName>Intas</providenceName>
        <hexName></hexName>
    </hex>
    <hex>
        <hexNumber>0305</hexNumber>
        <northHexNumber>0304</northHexNumber>
        <northEastHexNumber>0404</northEastHexNumber>
        <southEastHexNumber>0405</southEastHexNumber>
        <southHexNumber>0306</southHexNumber>
        <southWestHexNumber>0205</southWestHexNumber>
        <northWestHexNumber>0204</northWestHexNumber>
        <terrainKey>R</terrainKey>
        <providenceName>Intas</providenceName>
        <hexName></hexName>
        <hexEdgeMap>
          <northEdge>
            <edgeAttribute>Pb</edgeAttribute>
          </northEdge>
          <northWestEdge>
            <edgeAttribute>Pb</edgeAttribute>
          </northWestEdge>
        </hexEdgeMap>
    </hex>
    <hex>
        <hexNumber>0306</hexNumber>
        <northHexNumber>0305</northHexNumber>
        <northEastHexNumber>0405</northEastHexNumber>
        <southEastHexNumber>0406</southEastHexNumber>
        <southHexNumber>0307</southHexNumber>
        <southWestHexNumber>0206</southWestHexNumber>
        <northWestHexNumber>0205</northWestHexNumber>
        <terrainKey>R</terrainKey>
        <providenceName>Intas</providenceName>
        <hexName></hexName>
    </hex>
    <hex>
        <hexNumber>0118</hexNumber>
        <northHexNumber>0117</northHexNumber>
        <northEastHexNumber>0217</northEastHexNumber>
        <southEastHexNumber>0218</southEastHexNumber>
        <southHexNumber>0119</southHexNumber>
        <southWestHexNumber>0000</southWestHexNumber>
        <northWestHexNumber>0000</northWestHexNumber>
        <terrainKey>Fore</terrainKey>
        <providenceName>Vynar</providenceName>
        <hexName></hexName>
    </hex>
    <hex>
        <hexNumber>0119</hexNumber>
        <northHexNumber>0118</northHexNumber>
        <northEastHexNumber>0218</northEastHexNumber>
        <southEastHexNumber>0219</southEastHexNumber>
        <southHexNumber>0120</southHexNumber>
        <southWestHexNumber>0000</southWestHexNumber>
        <northWestHexNumber>0000</northWestHexNumber>
        <terrainKey>Fore</terrainKey>
        <providenceName>Vynar</providenceName>
        <hexName></hexName>
    </hex>
    <hex>
        <hexNumber>0138</hexNumber>
        <northHexNumber>0137</northHexNumber>
        <northEastHexNumber>0237</northEastHexNumber>
        <southEastHexNumber>0238</southEastHexNumber>
        <southHexNumber>0139</southHexNumber>
        <southWestHexNumber>0000</southWestHexNumber>
        <northWestHexNumber>0000</northWestHexNumber>
        <terrainKey>Cl</terrainKey>
        <providenceName>Minotaurus</providenceName>
        <hexName></hexName>
    </hex>
    <hex>
        <hexNumber>0114</hexNumber>
        <northHexNumber>0113</northHexNumber>
        <northEastHexNumber>0213</northEastHexNumber>
        <southEastHexNumber>0214</southEastHexNumber>
        <southHexNumber>0115</southHexNumber>
        <southWestHexNumber>0000</southWestHexNumber>
        <northWestHexNumber>0000</northWestHexNumber>
        <terrainKey>R</terrainKey>
        <providenceName>Intas</providenceName>
        <hexName></hexName>
        <hexEdgeMap>
          <southEastEdge>
            <edgeAttribute>Pb</edgeAttribute>
          </southEastEdge>
          <southEdge>
            <edgeAttribute>Pb</edgeAttribute>
          </southEdge>
        </hexEdgeMap>
    </hex>
    <hex>
        <hexNumber>0139</hexNumber>
        <northHexNumber>0138</northHexNumber>
        <northEastHexNumber>0238</northEastHexNumber>
        <southEastHexNumber>0239</southEastHexNumber>
        <southHexNumber>0140</southHexNumber>
        <southWestHexNumber>0000</southWestHexNumber>
        <northWestHexNumber>0000</northWestHexNumber>
        <terrainKey>Cl</terrainKey>
        <providenceName>Minotaurus</providenceName>
        <hexName></hexName>
        <hexEdgeMap>
          <southEastEdge>
            <edgeAttribute>St</edgeAttribute>
          </southEastEdge>
          <southEdge>
            <edgeAttribute>St</edgeAttribute>
          </southEdge>
        </hexEdgeMap>
    </hex>
    <hex>
        <hexNumber>0115</hexNumber>
        <northHexNumber>0114</northHexNumber>
        <northEastHexNumber>0214</northEastHexNumber>
        <southEastHexNumber>0215</southEastHexNumber>
        <southHexNumber>0116</southHexNumber>
        <southWestHexNumber>0000</southWestHexNumber>
        <northWestHexNumber>0000</northWestHexNumber>
        <terrainKey>Wo</terrainKey>
        <providenceName>Vynar</providenceName>
        <hexName></hexName>
        <hexEdgeMap>
          <northEdge>
            <edgeAttribute>Pb</edgeAttribute>
          </northEdge>
        </hexEdgeMap>
    </hex>
    <hex>
        <hexNumber>0136</hexNumber>
        <northHexNumber>0135</northHexNumber>
        <northEastHexNumber>0235</northEastHexNumber>
        <southEastHexNumber>0236</southEastHexNumber>
        <southHexNumber>0137</southHexNumber>
        <southWestHexNumber>0000</southWestHexNumber>
        <northWestHexNumber>0000</northWestHexNumber>
        <terrainKey>Wo</terrainKey>
        <providenceName>Nattily Woods</providenceName>
        <hexName></hexName>
        <hexEdgeMap>
          <southEdge>
            <edgeAttribute>Pb</edgeAttribute>
          </southEdge>
        </hexEdgeMap>
    </hex>
    <hex>
        <hexNumber>0116</hexNumber>
        <northHexNumber>0115</northHexNumber>
        <northEastHexNumber>0215</northEastHexNumber>
        <southEastHexNumber>0216</southEastHexNumber>
        <southHexNumber>0117</southHexNumber>
        <southWestHexNumber>0000</southWestHexNumber>
        <northWestHexNumber>0000</northWestHexNumber>
        <terrainKey>Wo</terrainKey>
        <providenceName>Vynar</providenceName>
        <hexName></hexName>
    </hex>
    <hex>
        <hexNumber>0137</hexNumber>
        <northHexNumber>0136</northHexNumber>
        <northEastHexNumber>0236</northEastHexNumber>
        <southEastHexNumber>0237</southEastHexNumber>
        <southHexNumber>0138</southHexNumber>
        <southWestHexNumber>0000</southWestHexNumber>
        <northWestHexNumber>0000</northWestHexNumber>
        <terrainKey>Cl</terrainKey>
        <providenceName>Minotaurus</providenceName>
        <hexName></hexName>
        <hexEdgeMap>
          <northEdge>
            <edgeAttribute>Pb</edgeAttribute>
          </northEdge>
          <northEastEdge>
            <edgeAttribute>Pb</edgeAttribute>
          </northEastEdge>
        </hexEdgeMap>
    </hex>
    <hex>
        <hexNumber>0117</hexNumber>
        <northHexNumber>0116</northHexNumber>
        <northEastHexNumber>0216</northEastHexNumber>
        <southEastHexNumber>0217</southEastHexNumber>
        <southHexNumber>0118</southHexNumber>
        <southWestHexNumber>0000</southWestHexNumber>
        <northWestHexNumber>0000</northWestHexNumber>
        <terrainKey>Fore</terrainKey>
        <providenceName>Vynar</providenceName>
        <hexName></hexName>
    </hex>
    <hex>
        <hexNumber>0134</hexNumber>
        <northHexNumber>0133</northHexNumber>
        <northEastHexNumber>0233</northEastHexNumber>
        <southEastHexNumber>0234</southEastHexNumber>
        <southHexNumber>0135</southHexNumber>
        <southWestHexNumber>0000</southWestHexNumber>
        <northWestHexNumber>0000</northWestHexNumber>
        <terrainKey>Wo</terrainKey>
        <providenceName>Nattily Woods</providenceName>
        <hexName></hexName>
    </hex>
    <hex>
        <hexNumber>0110</hexNumber>
        <northHexNumber>0109</northHexNumber>
        <northEastHexNumber>0209</northEastHexNumber>
        <southEastHexNumber>0210</southEastHexNumber>
        <southHexNumber>0111</southHexNumber>
        <southWestHexNumber>0000</southWestHexNumber>
        <northWestHexNumber>0000</northWestHexNumber>
        <terrainKey>R</terrainKey>
        <providenceName>Intas</providenceName>
        <hexName></hexName>
        <hexEdgeMap>
          <northEdge>
            <edgeAttribute>Pb</edgeAttribute>
          </northEdge>
        </hexEdgeMap>
    </hex>
    <hex>
        <hexNumber>0135</hexNumber>
        <northHexNumber>0134</northHexNumber>
        <northEastHexNumber>0234</northEastHexNumber>
        <southEastHexNumber>0235</southEastHexNumber>
        <southHexNumber>0136</southHexNumber>
        <southWestHexNumber>0000</southWestHexNumber>
        <northWestHexNumber>0000</northWestHexNumber>
        <terrainKey>Wo</terrainKey>
        <providenceName>Nattily Woods</providenceName>
        <hexName></hexName>
    </hex>
    <hex>
        <hexNumber>0111</hexNumber>
        <northHexNumber>0110</northHexNumber>
        <northEastHexNumber>0210</northEastHexNumber>
        <southEastHexNumber>0211</southEastHexNumber>
        <southHexNumber>0112</southHexNumber>
        <southWestHexNumber>0000</southWestHexNumber>
        <northWestHexNumber>0000</northWestHexNumber>
        <terrainKey>R</terrainKey>
        <providenceName>Intas</providenceName>
        <hexName></hexName>
    </hex>
    <hex>
        <hexNumber>0132</hexNumber>
        <northHexNumber>0131</northHexNumber>
        <northEastHexNumber>0231</northEastHexNumber>
        <southEastHexNumber>0232</southEastHexNumber>
        <southHexNumber>0133</southHexNumber>
        <southWestHexNumber>0000</southWestHexNumber>
        <northWestHexNumber>0000</northWestHexNumber>
        <terrainKey>Wo</terrainKey>
        <providenceName>Nattily Woods</providenceName>
        <hexName></hexName>
    </hex>
    <hex>
        <hexNumber>0112</hexNumber>
        <northHexNumber>0111</northHexNumber>
        <northEastHexNumber>0211</northEastHexNumber>
        <southEastHexNumber>0212</southEastHexNumber>
        <southHexNumber>0113</southHexNumber>
        <southWestHexNumber>0000</southWestHexNumber>
        <northWestHexNumber>0000</northWestHexNumber>
        <terrainKey>R</terrainKey>
        <providenceName>Intas</providenceName>
        <hexName></hexName>
    </hex>
    <hex>
        <hexNumber>0133</hexNumber>
        <northHexNumber>0132</northHexNumber>
        <northEastHexNumber>0232</northEastHexNumber>
        <southEastHexNumber>0233</southEastHexNumber>
        <southHexNumber>0134</southHexNumber>
        <southWestHexNumber>0000</southWestHexNumber>
        <northWestHexNumber>0000</northWestHexNumber>
        <terrainKey>Wo</terrainKey>
        <providenceName>Nattily Woods</providenceName>
        <hexName></hexName>
    </hex>
    <hex>
        <hexNumber>0113</hexNumber>
        <northHexNumber>0112</northHexNumber>
        <northEastHexNumber>0212</northEastHexNumber>
        <southEastHexNumber>0213</southEastHexNumber>
        <southHexNumber>0114</southHexNumber>
        <southWestHexNumber>0000</southWestHexNumber>
        <northWestHexNumber>0000</northWestHexNumber>
        <terrainKey>R</terrainKey>
        <providenceName>Intas</providenceName>
        <hexName></hexName>
    </hex>
    <hex>
        <hexNumber>0339</hexNumber>
        <northHexNumber>0338</northHexNumber>
        <northEastHexNumber>0438</northEastHexNumber>
        <southEastHexNumber>0439</southEastHexNumber>
        <southHexNumber>0340</southHexNumber>
        <southWestHexNumber>0239</southWestHexNumber>
        <northWestHexNumber>0238</northWestHexNumber>
        <terrainKey>Cl</terrainKey>
        <providenceName>Minotaurus</providenceName>
        <hexEdgeMap>
          <southEastEdge>
            <edgeAttribute>St</edgeAttribute>
          </southEastEdge>
          <southEdge>
            <edgeAttribute>St</edgeAttribute>
          </southEdge>
          <southWestEdge>
            <edgeAttribute>St</edgeAttribute>
          </southWestEdge>
        </hexEdgeMap>
    </hex>
    <hex>
        <hexNumber>0236</hexNumber>
        <northHexNumber>0235</northHexNumber>
        <northEastHexNumber>0336</northEastHexNumber>
        <southEastHexNumber>0337</southEastHexNumber>
        <southHexNumber>0237</southHexNumber>
        <southWestHexNumber>0137</southWestHexNumber>
        <northWestHexNumber>0136</northWestHexNumber>
        <terrainKey>Wo</terrainKey>
        <providenceName>Nattily Woods</providenceName>
        <hexName></hexName>
        <hexEdgeMap>
          <southEdge>
            <edgeAttribute>Pb</edgeAttribute>
          </southEdge>
          <southWestEdge>
            <edgeAttribute>Pb</edgeAttribute>
          </southWestEdge>
        </hexEdgeMap>
    </hex>
    <hex>
        <hexNumber>0338</hexNumber>
        <northHexNumber>0337</northHexNumber>
        <northEastHexNumber>0437</northEastHexNumber>
        <southEastHexNumber>0438</southEastHexNumber>
        <southHexNumber>0339</southHexNumber>
        <southWestHexNumber>0238</southWestHexNumber>
        <northWestHexNumber>0237</northWestHexNumber>
        <terrainKey>Cl</terrainKey>
        <providenceName>Minotaurus</providenceName>
        <hexEdgeMap>
          <northEdge>
            <edgeAttribute>Pb</edgeAttribute>
          </northEdge>
        </hexEdgeMap>
    </hex>
    <hex>
        <hexNumber>0235</hexNumber>
        <northHexNumber>0234</northHexNumber>
        <northEastHexNumber>0335</northEastHexNumber>
        <southEastHexNumber>0336</southEastHexNumber>
        <southHexNumber>0236</southHexNumber>
        <southWestHexNumber>0136</southWestHexNumber>
        <northWestHexNumber>0135</northWestHexNumber>
        <terrainKey>Wo</terrainKey>
        <providenceName>Nattily Woods</providenceName>
        <hexName></hexName>
    </hex>
    <hex>
        <hexNumber>0238</hexNumber>
        <northHexNumber>0237</northHexNumber>
        <northEastHexNumber>0338</northEastHexNumber>
        <southEastHexNumber>0339</southEastHexNumber>
        <southHexNumber>0239</southHexNumber>
        <southWestHexNumber>0139</southWestHexNumber>
        <northWestHexNumber>0138</northWestHexNumber>
        <terrainKey>Cl</terrainKey>
        <providenceName>Minotaurus</providenceName>
        <hexName></hexName>
        <hexEdgeMap>
          <northEdge>
            <edgeAttribute>St</edgeAttribute>
          </northEdge>
        </hexEdgeMap>
    </hex>
    <hex>
        <hexNumber>0237</hexNumber>
        <northHexNumber>0236</northHexNumber>
        <northEastHexNumber>0337</northEastHexNumber>
        <southEastHexNumber>0338</southEastHexNumber>
        <southHexNumber>0238</southHexNumber>
        <southWestHexNumber>0138</southWestHexNumber>
        <northWestHexNumber>0137</northWestHexNumber>
        <terrainKey>Cl</terrainKey>
        <providenceName>Minotaurus</providenceName>
        <hexName></hexName>
        <hexEdgeMap>
          <northEdge>
            <edgeAttribute>Pb</edgeAttribute>
          </northEdge>
          <northEastEdge>
            <edgeAttribute>Pb</edgeAttribute>
          </northEastEdge>
        </hexEdgeMap>
    </hex>
    <hex>
        <hexNumber>0232</hexNumber>
        <northHexNumber>0231</northHexNumber>
        <northEastHexNumber>0332</northEastHexNumber>
        <southEastHexNumber>0333</southEastHexNumber>
        <southHexNumber>0233</southHexNumber>
        <southWestHexNumber>0133</southWestHexNumber>
        <northWestHexNumber>0132</northWestHexNumber>
        <terrainKey>Wo</terrainKey>
        <providenceName>Nattily Woods</providenceName>
        <hexName></hexName>
    </hex>
    <hex>
        <hexNumber>0231</hexNumber>
        <northHexNumber>0230</northHexNumber>
        <northEastHexNumber>0331</northEastHexNumber>
        <southEastHexNumber>0332</southEastHexNumber>
        <southHexNumber>0232</southHexNumber>
        <southWestHexNumber>0132</southWestHexNumber>
        <northWestHexNumber>0131</northWestHexNumber>
        <terrainKey>Wo</terrainKey>
        <providenceName>Nattily Woods</providenceName>
        <hexName></hexName>
    </hex>
    <hex>
        <hexNumber>0234</hexNumber>
        <northHexNumber>0233</northHexNumber>
        <northEastHexNumber>0334</northEastHexNumber>
        <southEastHexNumber>0335</southEastHexNumber>
        <southHexNumber>0235</southHexNumber>
        <southWestHexNumber>0135</southWestHexNumber>
        <northWestHexNumber>0134</northWestHexNumber>
        <terrainKey>Wo</terrainKey>
        <providenceName>Nattily Woods</providenceName>
        <hexName></hexName>
    </hex>
    <hex>
        <hexNumber>0233</hexNumber>
        <northHexNumber>0232</northHexNumber>
        <northEastHexNumber>0333</northEastHexNumber>
        <southEastHexNumber>0334</southEastHexNumber>
        <southHexNumber>0234</southHexNumber>
        <southWestHexNumber>0134</southWestHexNumber>
        <northWestHexNumber>0133</northWestHexNumber>
        <terrainKey>Wo</terrainKey>
        <providenceName>Nattily Woods</providenceName>
        <hexName></hexName>
    </hex>
    <hex>
        <hexNumber>0331</hexNumber>
        <northHexNumber>0330</northHexNumber>
        <northEastHexNumber>0430</northEastHexNumber>
        <southEastHexNumber>0431</southEastHexNumber>
        <southHexNumber>0332</southHexNumber>
        <southWestHexNumber>0231</southWestHexNumber>
        <northWestHexNumber>0230</northWestHexNumber>
        <terrainKey>Wo</terrainKey>
        <providenceName>Nattily Woods</providenceName>
    </hex>
    <hex>
        <hexNumber>0330</hexNumber>
        <northHexNumber>0329</northHexNumber>
        <northEastHexNumber>0429</northEastHexNumber>
        <southEastHexNumber>0430</southEastHexNumber>
        <southHexNumber>0331</southHexNumber>
        <southWestHexNumber>0230</southWestHexNumber>
        <northWestHexNumber>0229</northWestHexNumber>
        <terrainKey>Wo</terrainKey>
        <providenceName>Nattily Woods</providenceName>
    </hex>
    <hex>
        <hexNumber>0333</hexNumber>
        <northHexNumber>0332</northHexNumber>
        <northEastHexNumber>0432</northEastHexNumber>
        <southEastHexNumber>0433</southEastHexNumber>
        <southHexNumber>0334</southHexNumber>
        <southWestHexNumber>0233</southWestHexNumber>
        <northWestHexNumber>0232</northWestHexNumber>
        <terrainKey>Wo</terrainKey>
        <providenceName>Nattily Woods</providenceName>
    </hex>
    <hex>
        <hexNumber>0332</hexNumber>
        <northHexNumber>0331</northHexNumber>
        <northEastHexNumber>0431</northEastHexNumber>
        <southEastHexNumber>0432</southEastHexNumber>
        <southHexNumber>0333</southHexNumber>
        <southWestHexNumber>0232</southWestHexNumber>
        <northWestHexNumber>0231</northWestHexNumber>
        <terrainKey>Wo</terrainKey>
        <providenceName>Nattily Woods</providenceName>
    </hex>
    <hex>
        <hexNumber>0335</hexNumber>
        <northHexNumber>0334</northHexNumber>
        <northEastHexNumber>0434</northEastHexNumber>
        <southEastHexNumber>0435</southEastHexNumber>
        <southHexNumber>0336</southHexNumber>
        <southWestHexNumber>0235</southWestHexNumber>
        <northWestHexNumber>0234</northWestHexNumber>
        <terrainKey>Fore</terrainKey>
        <providenceName>Nattily Woods</providenceName>
    </hex>
    <hex>
        <hexNumber>0334</hexNumber>
        <northHexNumber>0333</northHexNumber>
        <northEastHexNumber>0433</northEastHexNumber>
        <southEastHexNumber>0434</southEastHexNumber>
        <southHexNumber>0335</southHexNumber>
        <southWestHexNumber>0234</southWestHexNumber>
        <northWestHexNumber>0233</northWestHexNumber>
        <terrainKey>Fore</terrainKey>
        <providenceName>Nattily Woods</providenceName>
    </hex>
    <hex>
        <hexNumber>0239</hexNumber>
        <northHexNumber>0238</northHexNumber>
        <northEastHexNumber>0339</northEastHexNumber>
        <southEastHexNumber>0340</southEastHexNumber>
        <southHexNumber>0240</southHexNumber>
        <southWestHexNumber>0140</southWestHexNumber>
        <northWestHexNumber>0139</northWestHexNumber>
        <terrainKey>Cl</terrainKey>
        <providenceName>Minotaurus</providenceName>
        <hexName></hexName>
        <hexEdgeMap>
          <northEdge>
            <edgeAttribute>St</edgeAttribute>
          </northEdge>
          <northEastEdge>
            <edgeAttribute>St</edgeAttribute>
          </northEastEdge>
          <northWestEdge>
            <edgeAttribute>St</edgeAttribute>
          </northWestEdge>
        </hexEdgeMap>
    </hex>
    <hex>
        <hexNumber>0337</hexNumber>
        <northHexNumber>0336</northHexNumber>
        <northEastHexNumber>0436</northEastHexNumber>
        <southEastHexNumber>0437</southEastHexNumber>
        <southHexNumber>0338</southHexNumber>
        <southWestHexNumber>0237</southWestHexNumber>
        <northWestHexNumber>0236</northWestHexNumber>
        <terrainKey>Wo</terrainKey>
        <providenceName>Nattily Woods</providenceName>
        <hexEdgeMap>
          <southEastEdge>
            <edgeAttribute>Pb</edgeAttribute>
          </southEastEdge>
          <southEdge>
            <edgeAttribute>Pb</edgeAttribute>
          </southEdge>
          <southWestEdge>
            <edgeAttribute>Pb</edgeAttribute>
          </southWestEdge>
        </hexEdgeMap>
    </hex>
    <hex>
        <hexNumber>0336</hexNumber>
        <northHexNumber>0335</northHexNumber>
        <northEastHexNumber>0435</northEastHexNumber>
        <southEastHexNumber>0436</southEastHexNumber>
        <southHexNumber>0337</southHexNumber>
        <southWestHexNumber>0236</southWestHexNumber>
        <northWestHexNumber>0235</northWestHexNumber>
        <terrainKey>Wo</terrainKey>
        <providenceName>Nattily Woods</providenceName>
    </hex>
    <hex>
        <hexNumber>0340</hexNumber>
        <northHexNumber>0339</northHexNumber>
        <northEastHexNumber>0439</northEastHexNumber>
        <southEastHexNumber>0440</southEastHexNumber>
        <southHexNumber>0341</southHexNumber>
        <southWestHexNumber>0240</southWestHexNumber>
        <northWestHexNumber>0239</northWestHexNumber>
        <terrainKey>Cl</terrainKey>
        <providenceName>Minotaurus</providenceName>
        <hexEdgeMap>
          <northEdge>
            <edgeAttribute>St</edgeAttribute>
          </northEdge>
        </hexEdgeMap>
    </hex>
    <hex>
        <hexNumber>0240</hexNumber>
        <northHexNumber>0239</northHexNumber>
        <northEastHexNumber>0340</northEastHexNumber>
        <southEastHexNumber>0341</southEastHexNumber>
        <southHexNumber>0241</southHexNumber>
        <southWestHexNumber>0141</southWestHexNumber>
        <northWestHexNumber>0140</northWestHexNumber>
        <terrainKey>Cl</terrainKey>
        <providenceName>Minotaurus</providenceName>
        <hexName></hexName>
    </hex>
    <hex>
        <hexNumber>0241</hexNumber>
        <northHexNumber>0240</northHexNumber>
        <northEastHexNumber>0341</northEastHexNumber>
        <southEastHexNumber>0342</southEastHexNumber>
        <southHexNumber>0242</southHexNumber>
        <southWestHexNumber>0142</southWestHexNumber>
        <northWestHexNumber>0141</northWestHexNumber>
        <terrainKey>Cl</terrainKey>
        <providenceName>Minotaurus</providenceName>
        <hexName></hexName>
    </hex>
    <hex>
        <hexNumber>0227</hexNumber>
        <northHexNumber>0226</northHexNumber>
        <northEastHexNumber>0327</northEastHexNumber>
        <southEastHexNumber>0328</southEastHexNumber>
        <southHexNumber>0228</southHexNumber>
        <southWestHexNumber>0128</southWestHexNumber>
        <northWestHexNumber>0127</northWestHexNumber>
        <terrainKey>Wo</terrainKey>
        <providenceName>Nattily Woods</providenceName>
        <hexName></hexName>
    </hex>
    <hex>
        <hexNumber>0329</hexNumber>
        <northHexNumber>0328</northHexNumber>
        <northEastHexNumber>0428</northEastHexNumber>
        <southEastHexNumber>0429</southEastHexNumber>
        <southHexNumber>0330</southHexNumber>
        <southWestHexNumber>0229</southWestHexNumber>
        <northWestHexNumber>0228</northWestHexNumber>
        <terrainKey>Wo</terrainKey>
        <providenceName>Nattily Woods</providenceName>
    </hex>
    <hex>
        <hexNumber>0226</hexNumber>
        <northHexNumber>0225</northHexNumber>
        <northEastHexNumber>0326</northEastHexNumber>
        <southEastHexNumber>0327</southEastHexNumber>
        <southHexNumber>0227</southHexNumber>
        <southWestHexNumber>0127</southWestHexNumber>
        <northWestHexNumber>0126</northWestHexNumber>
        <terrainKey>Wo</terrainKey>
        <providenceName>Nattily Woods</providenceName>
        <hexName></hexName>
    </hex>
    <hex>
        <hexNumber>0328</hexNumber>
        <northHexNumber>0327</northHexNumber>
        <northEastHexNumber>0427</northEastHexNumber>
        <southEastHexNumber>0428</southEastHexNumber>
        <southHexNumber>0329</southHexNumber>
        <southWestHexNumber>0228</southWestHexNumber>
        <northWestHexNumber>0227</northWestHexNumber>
        <terrainKey>Wo</terrainKey>
        <providenceName>Nattily Woods</providenceName>
    </hex>
    <hex>
        <hexNumber>0225</hexNumber>
        <northHexNumber>0224</northHexNumber>
        <northEastHexNumber>0325</northEastHexNumber>
        <southEastHexNumber>0326</southEastHexNumber>
        <southHexNumber>0226</southHexNumber>
        <southWestHexNumber>0126</southWestHexNumber>
        <northWestHexNumber>0125</northWestHexNumber>
        <terrainKey>Wo</terrainKey>
        <providenceName>Nattily Woods</providenceName>
        <hexName></hexName>
        <hexEdgeMap>
          <northEastEdge>
            <edgeAttribute>Rd</edgeAttribute>
          </northEastEdge>
          <southWestEdge>
            <edgeAttribute>Rd</edgeAttribute>
          </southWestEdge>
        </hexEdgeMap>
    </hex>
    <hex>
        <hexNumber>0327</hexNumber>
        <northHexNumber>0326</northHexNumber>
        <northEastHexNumber>0426</northEastHexNumber>
        <southEastHexNumber>0427</southEastHexNumber>
        <southHexNumber>0328</southHexNumber>
        <southWestHexNumber>0227</southWestHexNumber>
        <northWestHexNumber>0226</northWestHexNumber>
        <terrainKey>Wo</terrainKey>
        <providenceName>Nattily Woods</providenceName>
    </hex>
    <hex>
        <hexNumber>0224</hexNumber>
        <northHexNumber>0223</northHexNumber>
        <northEastHexNumber>0324</northEastHexNumber>
        <southEastHexNumber>0325</southEastHexNumber>
        <southHexNumber>0225</southHexNumber>
        <southWestHexNumber>0125</southWestHexNumber>
        <northWestHexNumber>0124</northWestHexNumber>
        <terrainKey>Wo</terrainKey>
        <providenceName>Nattily Woods</providenceName>
        <hexName></hexName>
        <hexEdgeMap>
          <northEdge>
            <edgeAttribute>Pb</edgeAttribute>
          </northEdge>
          <northWestEdge>
            <edgeAttribute>Pb</edgeAttribute>
          </northWestEdge>
        </hexEdgeMap>
    </hex>
    <hex>
        <hexNumber>0223</hexNumber>
        <northHexNumber>0222</northHexNumber>
        <northEastHexNumber>0323</northEastHexNumber>
        <southEastHexNumber>0324</southEastHexNumber>
        <southHexNumber>0224</southHexNumber>
        <southWestHexNumber>0124</southWestHexNumber>
        <northWestHexNumber>0123</northWestHexNumber>
        <terrainKey>Fore</terrainKey>
        <providenceName>Vynar</providenceName>
        <hexName></hexName>
        <hexEdgeMap>
          <southEastEdge>
            <edgeAttribute>Pb</edgeAttribute>
          </southEastEdge>
          <southEdge>
            <edgeAttribute>Pb</edgeAttribute>
          </southEdge>
        </hexEdgeMap>
    </hex>
    <hex>
        <hexNumber>0222</hexNumber>
        <northHexNumber>0221</northHexNumber>
        <northEastHexNumber>0322</northEastHexNumber>
        <southEastHexNumber>0323</southEastHexNumber>
        <southHexNumber>0223</southHexNumber>
        <southWestHexNumber>0123</southWestHexNumber>
        <northWestHexNumber>0122</northWestHexNumber>
        <terrainKey>Fore</terrainKey>
        <providenceName>Vynar</providenceName>
        <hexName></hexName>
    </hex>
    <hex>
        <hexNumber>0221</hexNumber>
        <northHexNumber>0220</northHexNumber>
        <northEastHexNumber>0321</northEastHexNumber>
        <southEastHexNumber>0322</southEastHexNumber>
        <southHexNumber>0222</southHexNumber>
        <southWestHexNumber>0122</southWestHexNumber>
        <northWestHexNumber>0121</northWestHexNumber>
        <terrainKey>Fore</terrainKey>
        <providenceName>Vynar</providenceName>
        <hexName></hexName>
    </hex>
    <hex>
        <hexNumber>0220</hexNumber>
        <northHexNumber>0219</northHexNumber>
        <northEastHexNumber>0320</northEastHexNumber>
        <southEastHexNumber>0321</southEastHexNumber>
        <southHexNumber>0221</southHexNumber>
        <southWestHexNumber>0121</southWestHexNumber>
        <northWestHexNumber>0120</northWestHexNumber>
        <terrainKey>Fore</terrainKey>
        <providenceName>Vynar</providenceName>
        <hexName></hexName>
    </hex>
    <hex>
        <hexNumber>0322</hexNumber>
        <northHexNumber>0321</northHexNumber>
        <northEastHexNumber>0421</northEastHexNumber>
        <southEastHexNumber>0422</southEastHexNumber>
        <southHexNumber>0323</southHexNumber>
        <southWestHexNumber>0222</southWestHexNumber>
        <northWestHexNumber>0221</northWestHexNumber>
        <terrainKey>Fore</terrainKey>
        <providenceName>Vynar</providenceName>
    </hex>
    <hex>
        <hexNumber>0321</hexNumber>
        <northHexNumber>0320</northHexNumber>
        <northEastHexNumber>0420</northEastHexNumber>
        <southEastHexNumber>0421</southEastHexNumber>
        <southHexNumber>0322</southHexNumber>
        <southWestHexNumber>0221</southWestHexNumber>
        <northWestHexNumber>0220</northWestHexNumber>
        <terrainKey>Fore</terrainKey>
        <providenceName>Vynar</providenceName>
    </hex>
    <hex>
        <hexNumber>0320</hexNumber>
        <northHexNumber>0319</northHexNumber>
        <northEastHexNumber>0419</northEastHexNumber>
        <southEastHexNumber>0420</southEastHexNumber>
        <southHexNumber>0321</southHexNumber>
        <southWestHexNumber>0220</southWestHexNumber>
        <northWestHexNumber>0219</northWestHexNumber>
        <terrainKey>Fore</terrainKey>
        <providenceName>Vynar</providenceName>
    </hex>
    <hex>
        <hexNumber>0326</hexNumber>
        <northHexNumber>0325</northHexNumber>
        <northEastHexNumber>0425</northEastHexNumber>
        <southEastHexNumber>0426</southEastHexNumber>
        <southHexNumber>0327</southHexNumber>
        <southWestHexNumber>0226</southWestHexNumber>
        <northWestHexNumber>0225</northWestHexNumber>
        <terrainKey>Wo</terrainKey>
        <providenceName>Nattily Woods</providenceName>
    </hex>
    <hex>
        <hexNumber>0325</hexNumber>
        <northHexNumber>0324</northHexNumber>
        <northEastHexNumber>0424</northEastHexNumber>
        <southEastHexNumber>0425</southEastHexNumber>
        <southHexNumber>0326</southHexNumber>
        <southWestHexNumber>0225</southWestHexNumber>
        <northWestHexNumber>0224</northWestHexNumber>
        <terrainKey>Wo</terrainKey>
        <providenceName>Nattily Woods</providenceName>
        <hexEdgeMap>
          <northEastEdge>
            <edgeAttribute>Tr</edgeAttribute>
          </northEastEdge>
          <southWestEdge>
            <edgeAttribute>Tr</edgeAttribute>
          </southWestEdge>
        </hexEdgeMap>
    </hex>
    <hex>
        <hexNumber>0324</hexNumber>
        <northHexNumber>0323</northHexNumber>
        <northEastHexNumber>0423</northEastHexNumber>
        <southEastHexNumber>0424</southEastHexNumber>
        <southHexNumber>0325</southHexNumber>
        <southWestHexNumber>0224</southWestHexNumber>
        <northWestHexNumber>0223</northWestHexNumber>
        <terrainKey>Wo</terrainKey>
        <providenceName>Nattily Woods</providenceName>
        <hexEdgeMap>
          <northEdge>
            <edgeAttribute>Pb</edgeAttribute>
          </northEdge>
          <northEastEdge>
            <edgeAttribute>Pb</edgeAttribute>
          </northEastEdge>
          <northWestEdge>
            <edgeAttribute>Pb</edgeAttribute>
          </northWestEdge>
        </hexEdgeMap>
    </hex>
    <hex>
        <hexNumber>0229</hexNumber>
        <northHexNumber>0228</northHexNumber>
        <northEastHexNumber>0329</northEastHexNumber>
        <southEastHexNumber>0330</southEastHexNumber>
        <southHexNumber>0230</southHexNumber>
        <southWestHexNumber>0130</southWestHexNumber>
        <northWestHexNumber>0129</northWestHexNumber>
        <terrainKey>Wo</terrainKey>
        <providenceName>Nattily Woods</providenceName>
        <hexName></hexName>
    </hex>
    <hex>
        <hexNumber>0323</hexNumber>
        <northHexNumber>0322</northHexNumber>
        <northEastHexNumber>0422</northEastHexNumber>
        <southEastHexNumber>0423</southEastHexNumber>
        <southHexNumber>0324</southHexNumber>
        <southWestHexNumber>0223</southWestHexNumber>
        <northWestHexNumber>0222</northWestHexNumber>
        <terrainKey>Fore</terrainKey>
        <providenceName>Vynar</providenceName>
        <hexEdgeMap>
          <southEdge>
            <edgeAttribute>Pb</edgeAttribute>
          </southEdge>
        </hexEdgeMap>
    </hex>
    <hex>
        <hexNumber>0228</hexNumber>
        <northHexNumber>0227</northHexNumber>
        <northEastHexNumber>0328</northEastHexNumber>
        <southEastHexNumber>0329</southEastHexNumber>
        <southHexNumber>0229</southHexNumber>
        <southWestHexNumber>0129</southWestHexNumber>
        <northWestHexNumber>0128</northWestHexNumber>
        <terrainKey>Wo</terrainKey>
        <providenceName>Nattily Woods</providenceName>
        <hexName></hexName>
    </hex>
    <hex>
        <hexNumber>0230</hexNumber>
        <northHexNumber>0229</northHexNumber>
        <northEastHexNumber>0330</northEastHexNumber>
        <southEastHexNumber>0331</southEastHexNumber>
        <southHexNumber>0231</southHexNumber>
        <southWestHexNumber>0131</southWestHexNumber>
        <northWestHexNumber>0130</northWestHexNumber>
        <terrainKey>Wo</terrainKey>
        <providenceName>Nattily Woods</providenceName>
        <hexName></hexName>
    </hex>
    <hex>
        <hexNumber>0210</hexNumber>
        <northHexNumber>0209</northHexNumber>
        <northEastHexNumber>0310</northEastHexNumber>
        <southEastHexNumber>0311</southEastHexNumber>
        <southHexNumber>0211</southHexNumber>
        <southWestHexNumber>0111</southWestHexNumber>
        <northWestHexNumber>0110</northWestHexNumber>
        <terrainKey>R</terrainKey>
        <providenceName>Intas</providenceName>
        <hexName></hexName>
    </hex>
    <hex>
        <hexNumber>0212</hexNumber>
        <northHexNumber>0211</northHexNumber>
        <northEastHexNumber>0312</northEastHexNumber>
        <southEastHexNumber>0313</southEastHexNumber>
        <southHexNumber>0213</southHexNumber>
        <southWestHexNumber>0113</southWestHexNumber>
        <northWestHexNumber>0112</northWestHexNumber>
        <terrainKey>R</terrainKey>
        <providenceName>Intas</providenceName>
        <hexName></hexName>
        <hexEdgeMap>
          <northEastEdge>
            <edgeAttribute>Pb</edgeAttribute>
          </northEastEdge>
          <southEastEdge>
            <edgeAttribute>Pb</edgeAttribute>
          </southEastEdge>
        </hexEdgeMap>
    </hex>
    <hex>
        <hexNumber>0211</hexNumber>
        <northHexNumber>0210</northHexNumber>
        <northEastHexNumber>0311</northEastHexNumber>
        <southEastHexNumber>0312</southEastHexNumber>
        <southHexNumber>0212</southHexNumber>
        <southWestHexNumber>0112</southWestHexNumber>
        <northWestHexNumber>0111</northWestHexNumber>
        <terrainKey>R</terrainKey>
        <providenceName>Intas</providenceName>
        <hexName></hexName>
        <hexEdgeMap>
          <southEastEdge>
            <edgeAttribute>Pb</edgeAttribute>
          </southEastEdge>
        </hexEdgeMap>
    </hex>
    <hex>
        <hexNumber>0214</hexNumber>
        <northHexNumber>0213</northHexNumber>
        <northEastHexNumber>0314</northEastHexNumber>
        <southEastHexNumber>0315</southEastHexNumber>
        <southHexNumber>0215</southHexNumber>
        <southWestHexNumber>0115</southWestHexNumber>
        <northWestHexNumber>0114</northWestHexNumber>
        <terrainKey>Wo</terrainKey>
        <providenceName>Vynar</providenceName>
        <hexName></hexName>
        <hexEdgeMap>
          <northEdge>
            <edgeAttribute>Pb</edgeAttribute>
          </northEdge>
          <northWestEdge>
            <edgeAttribute>Pb</edgeAttribute>
          </northWestEdge>
        </hexEdgeMap>
    </hex>
    <hex>
        <hexNumber>0213</hexNumber>
        <northHexNumber>0212</northHexNumber>
        <northEastHexNumber>0313</northEastHexNumber>
        <southEastHexNumber>0314</southEastHexNumber>
        <southHexNumber>0214</southHexNumber>
        <southWestHexNumber>0114</southWestHexNumber>
        <northWestHexNumber>0113</northWestHexNumber>
        <terrainKey>R</terrainKey>
        <providenceName>Intas</providenceName>
        <hexName></hexName>
        <hexEdgeMap>
          <northEastEdge>
            <edgeAttribute>Pb</edgeAttribute>
          </northEastEdge>
          <southEastEdge>
            <edgeAttribute>Pb</edgeAttribute>
          </southEastEdge>
          <southEdge>
            <edgeAttribute>Pb</edgeAttribute>
          </southEdge>
        </hexEdgeMap>
    </hex>
    <hex>
        <hexNumber>0216</hexNumber>
        <northHexNumber>0215</northHexNumber>
        <northEastHexNumber>0316</northEastHexNumber>
        <southEastHexNumber>0317</southEastHexNumber>
        <southHexNumber>0217</southHexNumber>
        <southWestHexNumber>0117</southWestHexNumber>
        <northWestHexNumber>0116</northWestHexNumber>
        <terrainKey>Fore</terrainKey>
        <providenceName>Vynar</providenceName>
        <hexName></hexName>
    </hex>
    <hex>
        <hexNumber>0215</hexNumber>
        <northHexNumber>0214</northHexNumber>
        <northEastHexNumber>0315</northEastHexNumber>
        <southEastHexNumber>0316</southEastHexNumber>
        <southHexNumber>0216</southHexNumber>
        <southWestHexNumber>0116</southWestHexNumber>
        <northWestHexNumber>0115</northWestHexNumber>
        <terrainKey>Wo</terrainKey>
        <providenceName>Vynar</providenceName>
        <hexName></hexName>
    </hex>
    <hex>
        <hexNumber>0218</hexNumber>
        <northHexNumber>0217</northHexNumber>
        <northEastHexNumber>0318</northEastHexNumber>
        <southEastHexNumber>0319</southEastHexNumber>
        <southHexNumber>0219</southHexNumber>
        <southWestHexNumber>0119</southWestHexNumber>
        <northWestHexNumber>0118</northWestHexNumber>
        <terrainKey>Fore</terrainKey>
        <providenceName>Vynar</providenceName>
        <hexName></hexName>
    </hex>
    <hex>
        <hexNumber>0217</hexNumber>
        <northHexNumber>0216</northHexNumber>
        <northEastHexNumber>0317</northEastHexNumber>
        <southEastHexNumber>0318</southEastHexNumber>
        <southHexNumber>0218</southHexNumber>
        <southWestHexNumber>0118</southWestHexNumber>
        <northWestHexNumber>0117</northWestHexNumber>
        <terrainKey>Fore</terrainKey>
        <providenceName>Vynar</providenceName>
        <hexName></hexName>
    </hex>
    <hex>
        <hexNumber>0219</hexNumber>
        <northHexNumber>0218</northHexNumber>
        <northEastHexNumber>0319</northEastHexNumber>
        <southEastHexNumber>0320</southEastHexNumber>
        <southHexNumber>0220</southHexNumber>
        <southWestHexNumber>0120</southWestHexNumber>
        <northWestHexNumber>0119</northWestHexNumber>
        <terrainKey>Fore</terrainKey>
        <providenceName>Vynar</providenceName>
        <hexName></hexName>
    </hex>
    <hex>
        <hexNumber>0201</hexNumber>
        <northHexNumber>0000</northHexNumber>
        <northEastHexNumber>0301</northEastHexNumber>
        <southEastHexNumber>0302</southEastHexNumber>
        <southHexNumber>0202</southHexNumber>
        <southWestHexNumber>0102</southWestHexNumber>
        <northWestHexNumber>0101</northWestHexNumber>
        <terrainKey>D</terrainKey>
        <providenceName>Kelgarnth</providenceName>
        <hexName></hexName>
    </hex>
    <hex>
        <hexNumber>0205</hexNumber>
        <northHexNumber>0204</northHexNumber>
        <northEastHexNumber>0305</northEastHexNumber>
        <southEastHexNumber>0306</southEastHexNumber>
        <southHexNumber>0206</southHexNumber>
        <southWestHexNumber>0106</southWestHexNumber>
        <northWestHexNumber>0105</northWestHexNumber>
        <terrainKey>R</terrainKey>
        <providenceName>Intas</providenceName>
        <hexName></hexName>
        <hexEdgeMap>
          <northEdge>
            <edgeAttribute>Pb</edgeAttribute>
          </northEdge>
          <southWestEdge>
            <edgeAttribute>Pb</edgeAttribute>
          </southWestEdge>
          <northWestEdge>
            <edgeAttribute>Pb</edgeAttribute>
          </northWestEdge>
        </hexEdgeMap>
    </hex>
    <hex>
        <hexNumber>0204</hexNumber>
        <northHexNumber>0203</northHexNumber>
        <northEastHexNumber>0304</northEastHexNumber>
        <southEastHexNumber>0305</southEastHexNumber>
        <southHexNumber>0205</southHexNumber>
        <southWestHexNumber>0105</southWestHexNumber>
        <northWestHexNumber>0104</northWestHexNumber>
        <terrainKey>D</terrainKey>
        <providenceName>Kelgarnth</providenceName>
        <hexName></hexName>
        <hexEdgeMap>
          <southEastEdge>
            <edgeAttribute>Pb</edgeAttribute>
          </southEastEdge>
          <southEdge>
            <edgeAttribute>Pb</edgeAttribute>
          </southEdge>
        </hexEdgeMap>
    </hex>
    <hex>
        <hexNumber>0203</hexNumber>
        <northHexNumber>0202</northHexNumber>
        <northEastHexNumber>0303</northEastHexNumber>
        <southEastHexNumber>0304</southEastHexNumber>
        <southHexNumber>0204</southHexNumber>
        <southWestHexNumber>0104</southWestHexNumber>
        <northWestHexNumber>0103</northWestHexNumber>
        <terrainKey>Mo</terrainKey>
        <providenceName>Kelgarnth</providenceName>
        <hexName>Mount Greymoor</hexName>
    </hex>
    <hex>
        <hexNumber>0349</hexNumber>
        <northHexNumber>0348</northHexNumber>
        <northEastHexNumber>0448</northEastHexNumber>
        <southEastHexNumber>0449</southEastHexNumber>
        <southHexNumber>0350</southHexNumber>
        <southWestHexNumber>0249</southWestHexNumber>
        <northWestHexNumber>0248</northWestHexNumber>
        <terrainKey>Cl</terrainKey>
        <providenceName>Minotaurus</providenceName>
        <hexEdgeMap>
          <southEdge>
            <edgeAttribute>Br</edgeAttribute>
          </southEdge>
        </hexEdgeMap>
    </hex>
    <hex>
        <hexNumber>0202</hexNumber>
        <northHexNumber>0201</northHexNumber>
        <northEastHexNumber>0302</northEastHexNumber>
        <southEastHexNumber>0303</southEastHexNumber>
        <southHexNumber>0203</southHexNumber>
        <southWestHexNumber>0103</southWestHexNumber>
        <northWestHexNumber>0102</northWestHexNumber>
        <terrainKey>D</terrainKey>
        <providenceName>Kelgarnth</providenceName>
        <hexName></hexName>
    </hex>
    <hex>
        <hexNumber>0348</hexNumber>
        <northHexNumber>0347</northHexNumber>
        <northEastHexNumber>0447</northEastHexNumber>
        <southEastHexNumber>0448</southEastHexNumber>
        <southHexNumber>0349</southHexNumber>
        <southWestHexNumber>0248</southWestHexNumber>
        <northWestHexNumber>0247</northWestHexNumber>
        <terrainKey>Cl</terrainKey>
        <providenceName>Minotaurus</providenceName>
    </hex>
    <hex>
        <hexNumber>0209</hexNumber>
        <northHexNumber>0208</northHexNumber>
        <northEastHexNumber>0309</northEastHexNumber>
        <southEastHexNumber>0310</southEastHexNumber>
        <southHexNumber>0210</southHexNumber>
        <southWestHexNumber>0110</southWestHexNumber>
        <northWestHexNumber>0109</northWestHexNumber>
        <terrainKey>R</terrainKey>
        <providenceName>Intas</providenceName>
        <hexName></hexName>
        <hexEdgeMap>
          <northWestEdge>
            <edgeAttribute>Pb</edgeAttribute>
          </northWestEdge>
        </hexEdgeMap>
    </hex>
    <hex>
        <hexNumber>0347</hexNumber>
        <northHexNumber>0346</northHexNumber>
        <northEastHexNumber>0446</northEastHexNumber>
        <southEastHexNumber>0447</southEastHexNumber>
        <southHexNumber>0348</southHexNumber>
        <southWestHexNumber>0247</southWestHexNumber>
        <northWestHexNumber>0246</northWestHexNumber>
        <terrainKey>Cl</terrainKey>
        <providenceName>Minotaurus</providenceName>
    </hex>
    <hex>
        <hexNumber>0208</hexNumber>
        <northHexNumber>0207</northHexNumber>
        <northEastHexNumber>0308</northEastHexNumber>
        <southEastHexNumber>0309</southEastHexNumber>
        <southHexNumber>0209</southHexNumber>
        <southWestHexNumber>0109</southWestHexNumber>
        <northWestHexNumber>0108</northWestHexNumber>
        <terrainKey>R</terrainKey>
        <providenceName>Intas</providenceName>
        <hexName></hexName>
        <hexEdgeMap>
          <southWestEdge>
            <edgeAttribute>Pb</edgeAttribute>
          </southWestEdge>
          <northWestEdge>
            <edgeAttribute>Pb</edgeAttribute>
          </northWestEdge>
        </hexEdgeMap>
    </hex>
    <hex>
        <hexNumber>0346</hexNumber>
        <northHexNumber>0345</northHexNumber>
        <northEastHexNumber>0445</northEastHexNumber>
        <southEastHexNumber>0446</southEastHexNumber>
        <southHexNumber>0347</southHexNumber>
        <southWestHexNumber>0246</southWestHexNumber>
        <northWestHexNumber>0245</northWestHexNumber>
        <terrainKey>Cl</terrainKey>
        <providenceName>Minotaurus</providenceName>
    </hex>
    <hex>
        <hexNumber>0207</hexNumber>
        <northHexNumber>0206</northHexNumber>
        <northEastHexNumber>0307</northEastHexNumber>
        <southEastHexNumber>0308</southEastHexNumber>
        <southHexNumber>0208</southHexNumber>
        <southWestHexNumber>0108</southWestHexNumber>
        <northWestHexNumber>0107</northWestHexNumber>
        <terrainKey>R</terrainKey>
        <providenceName>Intas</providenceName>
        <hexName></hexName>
        <hexEdgeMap>
          <southWestEdge>
            <edgeAttribute>Pb</edgeAttribute>
          </southWestEdge>
          <northWestEdge>
            <edgeAttribute>Pb</edgeAttribute>
          </northWestEdge>
        </hexEdgeMap>
    </hex>
    <hex>
        <hexNumber>0345</hexNumber>
        <northHexNumber>0344</northHexNumber>
        <northEastHexNumber>0444</northEastHexNumber>
        <southEastHexNumber>0445</southEastHexNumber>
        <southHexNumber>0346</southHexNumber>
        <southWestHexNumber>0245</southWestHexNumber>
        <northWestHexNumber>0244</northWestHexNumber>
        <terrainKey>Cl</terrainKey>
        <providenceName>Minotaurus</providenceName>
    </hex>
    <hex>
        <hexNumber>0206</hexNumber>
        <northHexNumber>0205</northHexNumber>
        <northEastHexNumber>0306</northEastHexNumber>
        <southEastHexNumber>0307</southEastHexNumber>
        <southHexNumber>0207</southHexNumber>
        <southWestHexNumber>0107</southWestHexNumber>
        <northWestHexNumber>0106</northWestHexNumber>
        <terrainKey>R</terrainKey>
        <providenceName>Intas</providenceName>
        <hexName></hexName>
        <hexEdgeMap>
          <southWestEdge>
            <edgeAttribute>Pb</edgeAttribute>
          </southWestEdge>
          <northWestEdge>
            <edgeAttribute>Pb</edgeAttribute>
          </northWestEdge>
        </hexEdgeMap>
    </hex>
    <hex>
        <hexNumber>0344</hexNumber>
        <northHexNumber>0343</northHexNumber>
        <northEastHexNumber>0443</northEastHexNumber>
        <southEastHexNumber>0444</southEastHexNumber>
        <southHexNumber>0345</southHexNumber>
        <southWestHexNumber>0244</southWestHexNumber>
        <northWestHexNumber>0243</northWestHexNumber>
        <terrainKey>Cl</terrainKey>
        <providenceName>Minotaurus</providenceName>
    </hex>
    <hex>
        <hexNumber>0343</hexNumber>
        <northHexNumber>0342</northHexNumber>
        <northEastHexNumber>0442</northEastHexNumber>
        <southEastHexNumber>0443</southEastHexNumber>
        <southHexNumber>0344</southHexNumber>
        <southWestHexNumber>0243</southWestHexNumber>
        <northWestHexNumber>0242</northWestHexNumber>
        <terrainKey>Cl</terrainKey>
        <providenceName>Minotaurus</providenceName>
    </hex>
    <hex>
        <hexNumber>0342</hexNumber>
        <northHexNumber>0341</northHexNumber>
        <northEastHexNumber>0441</northEastHexNumber>
        <southEastHexNumber>0442</southEastHexNumber>
        <southHexNumber>0343</southHexNumber>
        <southWestHexNumber>0242</southWestHexNumber>
        <northWestHexNumber>0241</northWestHexNumber>
        <terrainKey>Cl</terrainKey>
        <providenceName>Minotaurus</providenceName>
    </hex>
    <hex>
        <hexNumber>0341</hexNumber>
        <northHexNumber>0340</northHexNumber>
        <northEastHexNumber>0440</northEastHexNumber>
        <southEastHexNumber>0441</southEastHexNumber>
        <southHexNumber>0342</southHexNumber>
        <southWestHexNumber>0241</southWestHexNumber>
        <northWestHexNumber>0240</northWestHexNumber>
        <terrainKey>Cl</terrainKey>
        <providenceName>Minotaurus</providenceName>
    </hex>
    <hex>
        <hexNumber>0350</hexNumber>
        <northHexNumber>0349</northHexNumber>
        <northEastHexNumber>0449</northEastHexNumber>
        <southEastHexNumber>0450</southEastHexNumber>
        <southHexNumber>0351</southHexNumber>
        <southWestHexNumber>0250</southWestHexNumber>
        <northWestHexNumber>0249</northWestHexNumber>
        <terrainKey>Cl</terrainKey>
        <providenceName>Minotaurus</providenceName>
        <hexEdgeMap>
          <northEdge>
            <edgeAttribute>Br</edgeAttribute>
          </northEdge>
          <southEastEdge>
            <edgeAttribute>Pb</edgeAttribute>
          </southEastEdge>
          <southEdge>
            <edgeAttribute>Br</edgeAttribute>
            <edgeAttribute>Pb</edgeAttribute>
          </southEdge>
          <southWestEdge>
            <edgeAttribute>Pb</edgeAttribute>
          </southWestEdge>
        </hexEdgeMap>
    </hex>
</map>