<?xml version="1.0" encoding="UTF-8"?>
<project-private xmlns="http://www.netbeans.org/ns/project-private/1">
    <editor-bookmarks xmlns="http://www.netbeans.org/ns/editor-bookmarks/2" lastBookmarkId="3"/>
    <open-files xmlns="http://www.netbeans.org/ns/projectui-open-files/2">
        <group>
            <file>file:/C:/Users/David/Dropbox/CS383/Java%20Projects/JavaApplication11/src/MainMapBuilder/MainMapBuilderForm.java</file>
            <file>file:/C:/Users/David/Dropbox/CS383/Java%20Projects/JavaApplication11/src/MainMapBuilder/BuildFile.java</file>
            <file>file:/C:/Users/David/Dropbox/CS383/Java%20Projects/JavaApplication11/resources/MainMap.xml</file>
        </group>
    </open-files>
</project-private>
