<?xml version="1.0" encoding="UTF-8"?>
<!--
  This file was generated by MainMapBuilderForm.java

  Author: David Klingenberg
  Generated on: 2014/03/06 21:34:46
-->


<!DOCTYPE map [
  <!ELEMENT map (hex*)>
  <!ELEMENT hex (hexNumber, northHexNumber, northEastHexNumber,
                 southEastHexNumber, southHexNumber, southWestHexNumber,
                 northWestHexNumber, terrainKey, providenceName, cityHex?,
                 vortexHex?, portalHex?, hexEdgeMap?, castleHex?, hexName?,
                 capitalHex?, townHex?)>
  <!ELEMENT capitalHex (#PCDATA)>
  <!ELEMENT townHex (#PCDATA)>
  <!ELEMENT hexName (#PCDATA)>
  <!ELEMENT hexNumber (#PCDATA)>
  <!ELEMENT northHexNumber (#PCDATA)>
  <!ELEMENT northEastHexNumber (#PCDATA)>
  <!ELEMENT southEastHexNumber (#PCDATA)>
  <!ELEMENT southHexNumber (#PCDATA)>
  <!ELEMENT southWestHexNumber (#PCDATA)>
  <!ELEMENT northWestHexNumber (#PCDATA)>
  <!ELEMENT terrainKey (#PCDATA)>
  <!ELEMENT providenceName (#PCDATA)>
  <!ELEMENT cityHex (#PCDATA)>
  <!ELEMENT vortexHex (#PCDATA)>
  <!ELEMENT portalHex (#PCDATA)>
  <!ELEMENT castleHex (#PCDATA)>
  <!ELEMENT hexEdgeMap (northEdge?, northEastEdge?, southEastEdge?,
                           southEdge?, southWestEdge?, northWestEdge?) >
    <!ELEMENT northEdge (edgeAttribute+)>
    <!ELEMENT northEastEdge (edgeAttribute+)>
    <!ELEMENT southEastEdge (edgeAttribute+)>
    <!ELEMENT southEdge (edgeAttribute+)>
    <!ELEMENT southWestEdge (edgeAttribute+)>
    <!ELEMENT northWestEdge (edgeAttribute+)>
        <!ELEMENT edgeAttribute (#PCDATA)>
]>

<map>
    <hex>
        <hexNumber>0236</hexNumber>
        <northHexNumber>0235</northHexNumber>
        <northEastHexNumber>0336</northEastHexNumber>
        <southEastHexNumber>0337</southEastHexNumber>
        <southHexNumber>0237</southHexNumber>
        <southWestHexNumber>0137</southWestHexNumber>
        <northWestHexNumber>0136</northWestHexNumber>
        <terrainKey>Wo</terrainKey>
        <providenceName>Nattily Woods</providenceName>
        <hexEdgeMap>
          <southEdge>
            <edgeAttribute>Pb</edgeAttribute>
          </southEdge>
          <southWestEdge>
            <edgeAttribute>Pb</edgeAttribute>
          </southWestEdge>
        </hexEdgeMap>
    </hex>
    <hex>
        <hexNumber>0235</hexNumber>
        <northHexNumber>0234</northHexNumber>
        <northEastHexNumber>0335</northEastHexNumber>
        <southEastHexNumber>0336</southEastHexNumber>
        <southHexNumber>0236</southHexNumber>
        <southWestHexNumber>0136</southWestHexNumber>
        <northWestHexNumber>0135</northWestHexNumber>
        <terrainKey>Wo</terrainKey>
        <providenceName>Nattily Woods</providenceName>
    </hex>
    <hex>
        <hexNumber>0238</hexNumber>
        <northHexNumber>0237</northHexNumber>
        <northEastHexNumber>0338</northEastHexNumber>
        <southEastHexNumber>0339</southEastHexNumber>
        <southHexNumber>0239</southHexNumber>
        <southWestHexNumber>0139</southWestHexNumber>
        <northWestHexNumber>0138</northWestHexNumber>
        <terrainKey>Cl</terrainKey>
        <providenceName>Minotaurus</providenceName>
        <hexEdgeMap>
          <northEdge>
            <edgeAttribute>St</edgeAttribute>
          </northEdge>
        </hexEdgeMap>
    </hex>
    <hex>
        <hexNumber>0237</hexNumber>
        <northHexNumber>0236</northHexNumber>
        <northEastHexNumber>0337</northEastHexNumber>
        <southEastHexNumber>0338</southEastHexNumber>
        <southHexNumber>0238</southHexNumber>
        <southWestHexNumber>0138</southWestHexNumber>
        <northWestHexNumber>0137</northWestHexNumber>
        <terrainKey>Cl</terrainKey>
        <providenceName>Minotaurus</providenceName>
        <hexEdgeMap>
          <northEdge>
            <edgeAttribute>Pb</edgeAttribute>
          </northEdge>
          <northEastEdge>
            <edgeAttribute>Pb</edgeAttribute>
          </northEastEdge>
        </hexEdgeMap>
    </hex>
    <hex>
        <hexNumber>0232</hexNumber>
        <northHexNumber>0231</northHexNumber>
        <northEastHexNumber>0332</northEastHexNumber>
        <southEastHexNumber>0333</southEastHexNumber>
        <southHexNumber>0233</southHexNumber>
        <southWestHexNumber>0133</southWestHexNumber>
        <northWestHexNumber>0132</northWestHexNumber>
        <terrainKey>Wo</terrainKey>
        <providenceName>Nattily Woods</providenceName>
    </hex>
    <hex>
        <hexNumber>0151</hexNumber>
        <northHexNumber>0150</northHexNumber>
        <northEastHexNumber>0250</northEastHexNumber>
        <southEastHexNumber>0251</southEastHexNumber>
        <southHexNumber>0152</southHexNumber>
        <southWestHexNumber>0000</southWestHexNumber>
        <northWestHexNumber>0000</northWestHexNumber>
        <terrainKey>Cu</terrainKey>
        <providenceName>The Empire</providenceName>
        <hexEdgeMap>
          <northEdge>
            <edgeAttribute>Pb</edgeAttribute>
          </northEdge>
        </hexEdgeMap>
    </hex>
    <hex>
        <hexNumber>0231</hexNumber>
        <northHexNumber>0230</northHexNumber>
        <northEastHexNumber>0331</northEastHexNumber>
        <southEastHexNumber>0332</southEastHexNumber>
        <southHexNumber>0232</southHexNumber>
        <southWestHexNumber>0132</southWestHexNumber>
        <northWestHexNumber>0131</northWestHexNumber>
        <terrainKey>Wo</terrainKey>
        <providenceName>Nattily Woods</providenceName>
    </hex>
    <hex>
        <hexNumber>0150</hexNumber>
        <northHexNumber>0149</northHexNumber>
        <northEastHexNumber>0249</northEastHexNumber>
        <southEastHexNumber>0250</southEastHexNumber>
        <southHexNumber>0151</southHexNumber>
        <southWestHexNumber>0000</southWestHexNumber>
        <northWestHexNumber>0000</northWestHexNumber>
        <terrainKey>Mrl</terrainKey>
        <providenceName>Minotaurus</providenceName>
        <hexEdgeMap>
          <southEastEdge>
            <edgeAttribute>Pb</edgeAttribute>
          </southEastEdge>
          <southEdge>
            <edgeAttribute>Pb</edgeAttribute>
          </southEdge>
        </hexEdgeMap>
    </hex>
    <hex>
        <hexNumber>0234</hexNumber>
        <northHexNumber>0233</northHexNumber>
        <northEastHexNumber>0334</northEastHexNumber>
        <southEastHexNumber>0335</southEastHexNumber>
        <southHexNumber>0235</southHexNumber>
        <southWestHexNumber>0135</southWestHexNumber>
        <northWestHexNumber>0134</northWestHexNumber>
        <terrainKey>Wo</terrainKey>
        <providenceName>Nattily Woods</providenceName>
    </hex>
    <hex>
        <hexNumber>0153</hexNumber>
        <northHexNumber>0152</northHexNumber>
        <northEastHexNumber>0252</northEastHexNumber>
        <southEastHexNumber>0253</southEastHexNumber>
        <southHexNumber>0154</southHexNumber>
        <southWestHexNumber>0000</southWestHexNumber>
        <northWestHexNumber>0000</northWestHexNumber>
        <terrainKey>Cu</terrainKey>
        <providenceName>The Empire</providenceName>
    </hex>
    <hex>
        <hexNumber>0233</hexNumber>
        <northHexNumber>0232</northHexNumber>
        <northEastHexNumber>0333</northEastHexNumber>
        <southEastHexNumber>0334</southEastHexNumber>
        <southHexNumber>0234</southHexNumber>
        <southWestHexNumber>0134</southWestHexNumber>
        <northWestHexNumber>0133</northWestHexNumber>
        <terrainKey>Wo</terrainKey>
        <providenceName>Nattily Woods</providenceName>
    </hex>
    <hex>
        <hexNumber>0152</hexNumber>
        <northHexNumber>0151</northHexNumber>
        <northEastHexNumber>0251</northEastHexNumber>
        <southEastHexNumber>0252</southEastHexNumber>
        <southHexNumber>0153</southHexNumber>
        <southWestHexNumber>0000</southWestHexNumber>
        <northWestHexNumber>0000</northWestHexNumber>
        <terrainKey>Cu</terrainKey>
        <providenceName>The Empire</providenceName>
        <hexEdgeMap>
          <northEastEdge>
            <edgeAttribute>Rd</edgeAttribute>
          </northEastEdge>
          <southWestEdge>
            <edgeAttribute>Rd</edgeAttribute>
          </southWestEdge>
        </hexEdgeMap>
    </hex>
    <hex>
        <hexNumber>0250</hexNumber>
        <northHexNumber>0249</northHexNumber>
        <northEastHexNumber>0350</northEastHexNumber>
        <southEastHexNumber>0351</southEastHexNumber>
        <southHexNumber>0251</southHexNumber>
        <southWestHexNumber>0151</southWestHexNumber>
        <northWestHexNumber>0150</northWestHexNumber>
        <terrainKey>Cu</terrainKey>
        <providenceName>The Empire</providenceName>
        <hexEdgeMap>
          <northEdge>
            <edgeAttribute>Pb</edgeAttribute>
          </northEdge>
          <northEastEdge>
            <edgeAttribute>Pb</edgeAttribute>
          </northEastEdge>
          <northWestEdge>
            <edgeAttribute>Pb</edgeAttribute>
          </northWestEdge>
        </hexEdgeMap>
    </hex>
    <hex>
        <hexNumber>0252</hexNumber>
        <northHexNumber>0251</northHexNumber>
        <northEastHexNumber>0352</northEastHexNumber>
        <southEastHexNumber>0353</southEastHexNumber>
        <southHexNumber>0253</southHexNumber>
        <southWestHexNumber>0153</southWestHexNumber>
        <northWestHexNumber>0152</northWestHexNumber>
        <terrainKey>Cu</terrainKey>
        <providenceName>The Empire</providenceName>
        <hexEdgeMap>
          <northEastEdge>
            <edgeAttribute>Wa</edgeAttribute>
          </northEastEdge>
        </hexEdgeMap>
    </hex>
    <hex>
        <hexNumber>0251</hexNumber>
        <northHexNumber>0250</northHexNumber>
        <northEastHexNumber>0351</northEastHexNumber>
        <southEastHexNumber>0352</southEastHexNumber>
        <southHexNumber>0252</southHexNumber>
        <southWestHexNumber>0152</southWestHexNumber>
        <northWestHexNumber>0151</northWestHexNumber>
        <terrainKey>Cu</terrainKey>
        <providenceName>The Empire</providenceName>
        <hexEdgeMap>
          <southEastEdge>
            <edgeAttribute>Ga</edgeAttribute>
            <edgeAttribute>Rd</edgeAttribute>
          </southEastEdge>
          <southWestEdge>
            <edgeAttribute>Rd</edgeAttribute>
          </southWestEdge>
        </hexEdgeMap>
    </hex>
    <hex>
        <hexNumber>0239</hexNumber>
        <northHexNumber>0238</northHexNumber>
        <northEastHexNumber>0339</northEastHexNumber>
        <southEastHexNumber>0340</southEastHexNumber>
        <southHexNumber>0240</southHexNumber>
        <southWestHexNumber>0140</southWestHexNumber>
        <northWestHexNumber>0139</northWestHexNumber>
        <terrainKey>Cl</terrainKey>
        <providenceName>Minotaurus</providenceName>
        <hexEdgeMap>
          <northEdge>
            <edgeAttribute>St</edgeAttribute>
          </northEdge>
          <northEastEdge>
            <edgeAttribute>St</edgeAttribute>
          </northEastEdge>
          <northWestEdge>
            <edgeAttribute>St</edgeAttribute>
          </northWestEdge>
        </hexEdgeMap>
    </hex>
    <hex>
        <hexNumber>0246</hexNumber>
        <northHexNumber>0245</northHexNumber>
        <northEastHexNumber>0346</northEastHexNumber>
        <southEastHexNumber>0347</southEastHexNumber>
        <southHexNumber>0247</southHexNumber>
        <southWestHexNumber>0147</southWestHexNumber>
        <northWestHexNumber>0146</northWestHexNumber>
        <terrainKey>Cl</terrainKey>
        <providenceName>Minotaurus</providenceName>
    </hex>
    <hex>
        <hexNumber>0247</hexNumber>
        <northHexNumber>0246</northHexNumber>
        <northEastHexNumber>0347</northEastHexNumber>
        <southEastHexNumber>0348</southEastHexNumber>
        <southHexNumber>0248</southHexNumber>
        <southWestHexNumber>0148</southWestHexNumber>
        <northWestHexNumber>0147</northWestHexNumber>
        <terrainKey>Cl</terrainKey>
        <providenceName>Minotaurus</providenceName>
    </hex>
    <hex>
        <hexNumber>0248</hexNumber>
        <northHexNumber>0247</northHexNumber>
        <northEastHexNumber>0348</northEastHexNumber>
        <southEastHexNumber>0349</southEastHexNumber>
        <southHexNumber>0249</southHexNumber>
        <southWestHexNumber>0149</southWestHexNumber>
        <northWestHexNumber>0148</northWestHexNumber>
        <terrainKey>Cl</terrainKey>
        <providenceName>Minotaurus</providenceName>
    </hex>
    <hex>
        <hexNumber>0249</hexNumber>
        <northHexNumber>0248</northHexNumber>
        <northEastHexNumber>0349</northEastHexNumber>
        <southEastHexNumber>0350</southEastHexNumber>
        <southHexNumber>0250</southHexNumber>
        <southWestHexNumber>0150</southWestHexNumber>
        <northWestHexNumber>0149</northWestHexNumber>
        <terrainKey>Mrl</terrainKey>
        <providenceName>Minotaurus</providenceName>
        <hexEdgeMap>
          <southEdge>
            <edgeAttribute>Pb</edgeAttribute>
          </southEdge>
        </hexEdgeMap>
    </hex>
    <hex>
        <hexNumber>0242</hexNumber>
        <northHexNumber>0241</northHexNumber>
        <northEastHexNumber>0342</northEastHexNumber>
        <southEastHexNumber>0343</southEastHexNumber>
        <southHexNumber>0243</southHexNumber>
        <southWestHexNumber>0143</southWestHexNumber>
        <northWestHexNumber>0142</northWestHexNumber>
        <terrainKey>Cl</terrainKey>
        <providenceName>Minotaurus</providenceName>
    </hex>
    <hex>
        <hexNumber>0243</hexNumber>
        <northHexNumber>0242</northHexNumber>
        <northEastHexNumber>0343</northEastHexNumber>
        <southEastHexNumber>0344</southEastHexNumber>
        <southHexNumber>0244</southHexNumber>
        <southWestHexNumber>0144</southWestHexNumber>
        <northWestHexNumber>0143</northWestHexNumber>
        <terrainKey>Cl</terrainKey>
        <providenceName>Minotaurus</providenceName>
    </hex>
    <hex>
        <hexNumber>0244</hexNumber>
        <northHexNumber>0243</northHexNumber>
        <northEastHexNumber>0344</northEastHexNumber>
        <southEastHexNumber>0345</southEastHexNumber>
        <southHexNumber>0245</southHexNumber>
        <southWestHexNumber>0145</southWestHexNumber>
        <northWestHexNumber>0144</northWestHexNumber>
        <terrainKey>Cl</terrainKey>
        <providenceName>Minotaurus</providenceName>
    </hex>
    <hex>
        <hexNumber>0245</hexNumber>
        <northHexNumber>0244</northHexNumber>
        <northEastHexNumber>0345</northEastHexNumber>
        <southEastHexNumber>0346</southEastHexNumber>
        <southHexNumber>0246</southHexNumber>
        <southWestHexNumber>0146</southWestHexNumber>
        <northWestHexNumber>0145</northWestHexNumber>
        <terrainKey>Cl</terrainKey>
        <providenceName>Minotaurus</providenceName>
    </hex>
    <hex>
        <hexNumber>0143</hexNumber>
        <northHexNumber>0142</northHexNumber>
        <northEastHexNumber>0242</northEastHexNumber>
        <southEastHexNumber>0243</southEastHexNumber>
        <southHexNumber>0144</southHexNumber>
        <southWestHexNumber>0000</southWestHexNumber>
        <northWestHexNumber>0000</northWestHexNumber>
        <terrainKey>Cl</terrainKey>
        <providenceName>Minotaurus</providenceName>
    </hex>
    <hex>
        <hexNumber>0144</hexNumber>
        <northHexNumber>0143</northHexNumber>
        <northEastHexNumber>0243</northEastHexNumber>
        <southEastHexNumber>0244</southEastHexNumber>
        <southHexNumber>0145</southHexNumber>
        <southWestHexNumber>0000</southWestHexNumber>
        <northWestHexNumber>0000</northWestHexNumber>
        <terrainKey>Cl</terrainKey>
        <providenceName>Minotaurus</providenceName>
    </hex>
    <hex>
        <hexNumber>0240</hexNumber>
        <northHexNumber>0239</northHexNumber>
        <northEastHexNumber>0340</northEastHexNumber>
        <southEastHexNumber>0341</southEastHexNumber>
        <southHexNumber>0241</southHexNumber>
        <southWestHexNumber>0141</southWestHexNumber>
        <northWestHexNumber>0140</northWestHexNumber>
        <terrainKey>Cl</terrainKey>
        <providenceName>Minotaurus</providenceName>
    </hex>
    <hex>
        <hexNumber>0145</hexNumber>
        <northHexNumber>0144</northHexNumber>
        <northEastHexNumber>0244</northEastHexNumber>
        <southEastHexNumber>0245</southEastHexNumber>
        <southHexNumber>0146</southHexNumber>
        <southWestHexNumber>0000</southWestHexNumber>
        <northWestHexNumber>0000</northWestHexNumber>
        <terrainKey>Cl</terrainKey>
        <providenceName>Minotaurus</providenceName>
    </hex>
    <hex>
        <hexNumber>0241</hexNumber>
        <northHexNumber>0240</northHexNumber>
        <northEastHexNumber>0341</northEastHexNumber>
        <southEastHexNumber>0342</southEastHexNumber>
        <southHexNumber>0242</southHexNumber>
        <southWestHexNumber>0142</southWestHexNumber>
        <northWestHexNumber>0141</northWestHexNumber>
        <terrainKey>Cl</terrainKey>
        <providenceName>Minotaurus</providenceName>
    </hex>
    <hex>
        <hexNumber>0146</hexNumber>
        <northHexNumber>0145</northHexNumber>
        <northEastHexNumber>0245</northEastHexNumber>
        <southEastHexNumber>0246</southEastHexNumber>
        <southHexNumber>0147</southHexNumber>
        <southWestHexNumber>0000</southWestHexNumber>
        <northWestHexNumber>0000</northWestHexNumber>
        <terrainKey>Cl</terrainKey>
        <providenceName>Minotaurus</providenceName>
    </hex>
    <hex>
        <hexNumber>0147</hexNumber>
        <northHexNumber>0146</northHexNumber>
        <northEastHexNumber>0246</northEastHexNumber>
        <southEastHexNumber>0247</southEastHexNumber>
        <southHexNumber>0148</southHexNumber>
        <southWestHexNumber>0000</southWestHexNumber>
        <northWestHexNumber>0000</northWestHexNumber>
        <terrainKey>Cl</terrainKey>
        <providenceName>Minotaurus</providenceName>
    </hex>
    <hex>
        <hexNumber>0148</hexNumber>
        <northHexNumber>0147</northHexNumber>
        <northEastHexNumber>0247</northEastHexNumber>
        <southEastHexNumber>0248</southEastHexNumber>
        <southHexNumber>0149</southHexNumber>
        <southWestHexNumber>0000</southWestHexNumber>
        <northWestHexNumber>0000</northWestHexNumber>
        <terrainKey>Cl</terrainKey>
        <providenceName>Minotaurus</providenceName>
    </hex>
    <hex>
        <hexNumber>0149</hexNumber>
        <northHexNumber>0148</northHexNumber>
        <northEastHexNumber>0248</northEastHexNumber>
        <southEastHexNumber>0249</southEastHexNumber>
        <southHexNumber>0150</southHexNumber>
        <southWestHexNumber>0000</southWestHexNumber>
        <northWestHexNumber>0000</northWestHexNumber>
        <terrainKey>Cl</terrainKey>
        <providenceName>Minotaurus</providenceName>
    </hex>
    <hex>
        <hexNumber>0227</hexNumber>
        <northHexNumber>0226</northHexNumber>
        <northEastHexNumber>0327</northEastHexNumber>
        <southEastHexNumber>0328</southEastHexNumber>
        <southHexNumber>0228</southHexNumber>
        <southWestHexNumber>0128</southWestHexNumber>
        <northWestHexNumber>0127</northWestHexNumber>
        <terrainKey>Wo</terrainKey>
        <providenceName>Nattily Woods</providenceName>
    </hex>
    <hex>
        <hexNumber>0226</hexNumber>
        <northHexNumber>0225</northHexNumber>
        <northEastHexNumber>0326</northEastHexNumber>
        <southEastHexNumber>0327</southEastHexNumber>
        <southHexNumber>0227</southHexNumber>
        <southWestHexNumber>0127</southWestHexNumber>
        <northWestHexNumber>0126</northWestHexNumber>
        <terrainKey>Wo</terrainKey>
        <providenceName>Nattily Woods</providenceName>
    </hex>
    <hex>
        <hexNumber>0225</hexNumber>
        <northHexNumber>0224</northHexNumber>
        <northEastHexNumber>0325</northEastHexNumber>
        <southEastHexNumber>0326</southEastHexNumber>
        <southHexNumber>0226</southHexNumber>
        <southWestHexNumber>0126</southWestHexNumber>
        <northWestHexNumber>0125</northWestHexNumber>
        <terrainKey>Wo</terrainKey>
        <providenceName>Nattily Woods</providenceName>
        <hexEdgeMap>
          <northEastEdge>
            <edgeAttribute>Rd</edgeAttribute>
          </northEastEdge>
          <southWestEdge>
            <edgeAttribute>Rd</edgeAttribute>
          </southWestEdge>
        </hexEdgeMap>
    </hex>
    <hex>
        <hexNumber>0224</hexNumber>
        <northHexNumber>0223</northHexNumber>
        <northEastHexNumber>0324</northEastHexNumber>
        <southEastHexNumber>0325</southEastHexNumber>
        <southHexNumber>0225</southHexNumber>
        <southWestHexNumber>0125</southWestHexNumber>
        <northWestHexNumber>0124</northWestHexNumber>
        <terrainKey>Wo</terrainKey>
        <providenceName>Nattily Woods</providenceName>
        <hexEdgeMap>
          <northEdge>
            <edgeAttribute>Pb</edgeAttribute>
          </northEdge>
          <northWestEdge>
            <edgeAttribute>Pb</edgeAttribute>
          </northWestEdge>
        </hexEdgeMap>
    </hex>
    <hex>
        <hexNumber>0223</hexNumber>
        <northHexNumber>0222</northHexNumber>
        <northEastHexNumber>0323</northEastHexNumber>
        <southEastHexNumber>0324</southEastHexNumber>
        <southHexNumber>0224</southHexNumber>
        <southWestHexNumber>0124</southWestHexNumber>
        <northWestHexNumber>0123</northWestHexNumber>
        <terrainKey>Fore</terrainKey>
        <providenceName>Vynar</providenceName>
        <hexEdgeMap>
          <southEastEdge>
            <edgeAttribute>Pb</edgeAttribute>
          </southEastEdge>
          <southEdge>
            <edgeAttribute>Pb</edgeAttribute>
          </southEdge>
        </hexEdgeMap>
    </hex>
    <hex>
        <hexNumber>0222</hexNumber>
        <northHexNumber>0221</northHexNumber>
        <northEastHexNumber>0322</northEastHexNumber>
        <southEastHexNumber>0323</southEastHexNumber>
        <southHexNumber>0223</southHexNumber>
        <southWestHexNumber>0123</southWestHexNumber>
        <northWestHexNumber>0122</northWestHexNumber>
        <terrainKey>Fore</terrainKey>
        <providenceName>Vynar</providenceName>
    </hex>
    <hex>
        <hexNumber>0221</hexNumber>
        <northHexNumber>0220</northHexNumber>
        <northEastHexNumber>0321</northEastHexNumber>
        <southEastHexNumber>0322</southEastHexNumber>
        <southHexNumber>0222</southHexNumber>
        <southWestHexNumber>0122</southWestHexNumber>
        <northWestHexNumber>0121</northWestHexNumber>
        <terrainKey>Fore</terrainKey>
        <providenceName>Vynar</providenceName>
    </hex>
    <hex>
        <hexNumber>0220</hexNumber>
        <northHexNumber>0219</northHexNumber>
        <northEastHexNumber>0320</northEastHexNumber>
        <southEastHexNumber>0321</southEastHexNumber>
        <southHexNumber>0221</southHexNumber>
        <southWestHexNumber>0121</southWestHexNumber>
        <northWestHexNumber>0120</northWestHexNumber>
        <terrainKey>Fore</terrainKey>
        <providenceName>Vynar</providenceName>
    </hex>
    <hex>
        <hexNumber>0229</hexNumber>
        <northHexNumber>0228</northHexNumber>
        <northEastHexNumber>0329</northEastHexNumber>
        <southEastHexNumber>0330</southEastHexNumber>
        <southHexNumber>0230</southHexNumber>
        <southWestHexNumber>0130</southWestHexNumber>
        <northWestHexNumber>0129</northWestHexNumber>
        <terrainKey>Wo</terrainKey>
        <providenceName>Nattily Woods</providenceName>
    </hex>
    <hex>
        <hexNumber>0228</hexNumber>
        <northHexNumber>0227</northHexNumber>
        <northEastHexNumber>0328</northEastHexNumber>
        <southEastHexNumber>0329</southEastHexNumber>
        <southHexNumber>0229</southHexNumber>
        <southWestHexNumber>0129</southWestHexNumber>
        <northWestHexNumber>0128</northWestHexNumber>
        <terrainKey>Wo</terrainKey>
        <providenceName>Nattily Woods</providenceName>
    </hex>
    <hex>
        <hexNumber>0253</hexNumber>
        <northHexNumber>0252</northHexNumber>
        <northEastHexNumber>0353</northEastHexNumber>
        <southEastHexNumber>0354</southEastHexNumber>
        <southHexNumber>0000</southHexNumber>
        <southWestHexNumber>0154</southWestHexNumber>
        <northWestHexNumber>0153</northWestHexNumber>
        <terrainKey>Cu</terrainKey>
        <providenceName>The Empire</providenceName>
        <hexEdgeMap>
          <southEastEdge>
            <edgeAttribute>Rd</edgeAttribute>
          </southEastEdge>
          <southWestEdge>
            <edgeAttribute>Rd</edgeAttribute>
          </southWestEdge>
          <northWestEdge>
          </northWestEdge>
        </hexEdgeMap>
    </hex>
    <hex>
        <hexNumber>0230</hexNumber>
        <northHexNumber>0229</northHexNumber>
        <northEastHexNumber>0330</northEastHexNumber>
        <southEastHexNumber>0331</southEastHexNumber>
        <southHexNumber>0231</southHexNumber>
        <southWestHexNumber>0131</southWestHexNumber>
        <northWestHexNumber>0130</northWestHexNumber>
        <terrainKey>Wo</terrainKey>
        <providenceName>Nattily Woods</providenceName>
    </hex>
    <hex>
        <hexNumber>0154</hexNumber>
        <northHexNumber>0153</northHexNumber>
        <northEastHexNumber>0253</northEastHexNumber>
        <southEastHexNumber>0000</southEastHexNumber>
        <southHexNumber>0000</southHexNumber>
        <southWestHexNumber>0000</southWestHexNumber>
        <northWestHexNumber>0000</northWestHexNumber>
        <terrainKey>Cu</terrainKey>
        <providenceName>The Empire</providenceName>
        <hexEdgeMap>
          <northEastEdge>
            <edgeAttribute>Rd</edgeAttribute>
          </northEastEdge>
          <southWestEdge>
            <edgeAttribute>Rd</edgeAttribute>
          </southWestEdge>
        </hexEdgeMap>
    </hex>
    <hex>
        <hexNumber>0210</hexNumber>
        <northHexNumber>0209</northHexNumber>
        <northEastHexNumber>0310</northEastHexNumber>
        <southEastHexNumber>0311</southEastHexNumber>
        <southHexNumber>0211</southHexNumber>
        <southWestHexNumber>0111</southWestHexNumber>
        <northWestHexNumber>0110</northWestHexNumber>
        <terrainKey>R</terrainKey>
        <providenceName>Intas</providenceName>
    </hex>
    <hex>
        <hexNumber>0212</hexNumber>
        <northHexNumber>0211</northHexNumber>
        <northEastHexNumber>0312</northEastHexNumber>
        <southEastHexNumber>0313</southEastHexNumber>
        <southHexNumber>0213</southHexNumber>
        <southWestHexNumber>0113</southWestHexNumber>
        <northWestHexNumber>0112</northWestHexNumber>
        <terrainKey>R</terrainKey>
        <providenceName>Intas</providenceName>
        <hexEdgeMap>
          <northEastEdge>
            <edgeAttribute>Pb</edgeAttribute>
          </northEastEdge>
          <southEastEdge>
            <edgeAttribute>Pb</edgeAttribute>
          </southEastEdge>
        </hexEdgeMap>
    </hex>
    <hex>
        <hexNumber>0131</hexNumber>
        <northHexNumber>0130</northHexNumber>
        <northEastHexNumber>0230</northEastHexNumber>
        <southEastHexNumber>0231</southEastHexNumber>
        <southHexNumber>0132</southHexNumber>
        <southWestHexNumber>0000</southWestHexNumber>
        <northWestHexNumber>0000</northWestHexNumber>
        <terrainKey>Wo</terrainKey>
        <providenceName>Nattily Woods</providenceName>
        <hexName></hexName>
    </hex>
    <hex>
        <hexNumber>0211</hexNumber>
        <northHexNumber>0210</northHexNumber>
        <northEastHexNumber>0311</northEastHexNumber>
        <southEastHexNumber>0312</southEastHexNumber>
        <southHexNumber>0212</southHexNumber>
        <southWestHexNumber>0112</southWestHexNumber>
        <northWestHexNumber>0111</northWestHexNumber>
        <terrainKey>R</terrainKey>
        <providenceName>Intas</providenceName>
        <hexEdgeMap>
          <southEastEdge>
            <edgeAttribute>Pb</edgeAttribute>
          </southEastEdge>
        </hexEdgeMap>
    </hex>
    <hex>
        <hexNumber>0130</hexNumber>
        <northHexNumber>0129</northHexNumber>
        <northEastHexNumber>0229</northEastHexNumber>
        <southEastHexNumber>0230</southEastHexNumber>
        <southHexNumber>0131</southHexNumber>
        <southWestHexNumber>0000</southWestHexNumber>
        <northWestHexNumber>0000</northWestHexNumber>
        <terrainKey>Wo</terrainKey>
        <providenceName>Nattily Woods</providenceName>
        <hexName></hexName>
    </hex>
    <hex>
        <hexNumber>0214</hexNumber>
        <northHexNumber>0213</northHexNumber>
        <northEastHexNumber>0314</northEastHexNumber>
        <southEastHexNumber>0315</southEastHexNumber>
        <southHexNumber>0215</southHexNumber>
        <southWestHexNumber>0115</southWestHexNumber>
        <northWestHexNumber>0114</northWestHexNumber>
        <terrainKey>Wo</terrainKey>
        <providenceName>Vynar</providenceName>
        <hexEdgeMap>
          <northEdge>
            <edgeAttribute>Pb</edgeAttribute>
          </northEdge>
          <northWestEdge>
            <edgeAttribute>Pb</edgeAttribute>
          </northWestEdge>
        </hexEdgeMap>
    </hex>
    <hex>
        <hexNumber>0213</hexNumber>
        <northHexNumber>0212</northHexNumber>
        <northEastHexNumber>0313</northEastHexNumber>
        <southEastHexNumber>0314</southEastHexNumber>
        <southHexNumber>0214</southHexNumber>
        <southWestHexNumber>0114</southWestHexNumber>
        <northWestHexNumber>0113</northWestHexNumber>
        <terrainKey>R</terrainKey>
        <providenceName>Intas</providenceName>
        <hexEdgeMap>
          <northEastEdge>
            <edgeAttribute>Pb</edgeAttribute>
          </northEastEdge>
          <southEastEdge>
            <edgeAttribute>Pb</edgeAttribute>
          </southEastEdge>
          <southEdge>
            <edgeAttribute>Pb</edgeAttribute>
          </southEdge>
        </hexEdgeMap>
    </hex>
    <hex>
        <hexNumber>0216</hexNumber>
        <northHexNumber>0215</northHexNumber>
        <northEastHexNumber>0316</northEastHexNumber>
        <southEastHexNumber>0317</southEastHexNumber>
        <southHexNumber>0217</southHexNumber>
        <southWestHexNumber>0117</southWestHexNumber>
        <northWestHexNumber>0116</northWestHexNumber>
        <terrainKey>Fore</terrainKey>
        <providenceName>Vynar</providenceName>
    </hex>
    <hex>
        <hexNumber>0215</hexNumber>
        <northHexNumber>0214</northHexNumber>
        <northEastHexNumber>0315</northEastHexNumber>
        <southEastHexNumber>0316</southEastHexNumber>
        <southHexNumber>0216</southHexNumber>
        <southWestHexNumber>0116</southWestHexNumber>
        <northWestHexNumber>0115</northWestHexNumber>
        <terrainKey>Wo</terrainKey>
        <providenceName>Vynar</providenceName>
    </hex>
    <hex>
        <hexNumber>0218</hexNumber>
        <northHexNumber>0217</northHexNumber>
        <northEastHexNumber>0318</northEastHexNumber>
        <southEastHexNumber>0319</southEastHexNumber>
        <southHexNumber>0219</southHexNumber>
        <southWestHexNumber>0119</southWestHexNumber>
        <northWestHexNumber>0118</northWestHexNumber>
        <terrainKey>Fore</terrainKey>
        <providenceName>Vynar</providenceName>
    </hex>
    <hex>
        <hexNumber>0217</hexNumber>
        <northHexNumber>0216</northHexNumber>
        <northEastHexNumber>0317</northEastHexNumber>
        <southEastHexNumber>0318</southEastHexNumber>
        <southHexNumber>0218</southHexNumber>
        <southWestHexNumber>0118</southWestHexNumber>
        <northWestHexNumber>0117</northWestHexNumber>
        <terrainKey>Fore</terrainKey>
        <providenceName>Vynar</providenceName>
    </hex>
    <hex>
        <hexNumber>0219</hexNumber>
        <northHexNumber>0218</northHexNumber>
        <northEastHexNumber>0319</northEastHexNumber>
        <southEastHexNumber>0320</southEastHexNumber>
        <southHexNumber>0220</southHexNumber>
        <southWestHexNumber>0120</southWestHexNumber>
        <northWestHexNumber>0119</northWestHexNumber>
        <terrainKey>Fore</terrainKey>
        <providenceName>Vynar</providenceName>
    </hex>
    <hex>
        <hexNumber>0109</hexNumber>
        <northHexNumber>0108</northHexNumber>
        <northEastHexNumber>0208</northEastHexNumber>
        <southEastHexNumber>0209</southEastHexNumber>
        <southHexNumber>0110</southHexNumber>
        <southWestHexNumber>0000</southWestHexNumber>
        <northWestHexNumber>0000</northWestHexNumber>
        <terrainKey>D</terrainKey>
        <providenceName>Kelgarnth</providenceName>
        <hexName></hexName>
        <hexEdgeMap>
          <northEastEdge>
            <edgeAttribute>Pb</edgeAttribute>
          </northEastEdge>
          <southEastEdge>
            <edgeAttribute>Pb</edgeAttribute>
          </southEastEdge>
          <southEdge>
            <edgeAttribute>Pb</edgeAttribute>
          </southEdge>
        </hexEdgeMap>
    </hex>
    <hex>
        <hexNumber>0129</hexNumber>
        <northHexNumber>0128</northHexNumber>
        <northEastHexNumber>0228</northEastHexNumber>
        <southEastHexNumber>0229</southEastHexNumber>
        <southHexNumber>0130</southHexNumber>
        <southWestHexNumber>0000</southWestHexNumber>
        <northWestHexNumber>0000</northWestHexNumber>
        <terrainKey>Wo</terrainKey>
        <providenceName>Nattily Woods</providenceName>
        <hexName></hexName>
    </hex>
    <hex>
        <hexNumber>0107</hexNumber>
        <northHexNumber>0106</northHexNumber>
        <northEastHexNumber>0206</northEastHexNumber>
        <southEastHexNumber>0207</southEastHexNumber>
        <southHexNumber>0108</southHexNumber>
        <southWestHexNumber>0000</southWestHexNumber>
        <northWestHexNumber>0000</northWestHexNumber>
        <terrainKey>D</terrainKey>
        <providenceName>Kelgarnth</providenceName>
        <hexName></hexName>
        <hexEdgeMap>
          <northEastEdge>
            <edgeAttribute>Pb</edgeAttribute>
          </northEastEdge>
          <southEastEdge>
            <edgeAttribute>Pb</edgeAttribute>
          </southEastEdge>
        </hexEdgeMap>
    </hex>
    <hex>
        <hexNumber>0108</hexNumber>
        <northHexNumber>0107</northHexNumber>
        <northEastHexNumber>0207</northEastHexNumber>
        <southEastHexNumber>0208</southEastHexNumber>
        <southHexNumber>0109</southHexNumber>
        <southWestHexNumber>0000</southWestHexNumber>
        <northWestHexNumber>0000</northWestHexNumber>
        <terrainKey>D</terrainKey>
        <providenceName>Kelgarnth</providenceName>
        <hexName></hexName>
        <hexEdgeMap>
          <northEastEdge>
            <edgeAttribute>Pb</edgeAttribute>
          </northEastEdge>
          <southEastEdge>
            <edgeAttribute>Pb</edgeAttribute>
          </southEastEdge>
        </hexEdgeMap>
    </hex>
    <hex>
        <hexNumber>0105</hexNumber>
        <northHexNumber>0104</northHexNumber>
        <northEastHexNumber>0204</northEastHexNumber>
        <southEastHexNumber>0205</southEastHexNumber>
        <southHexNumber>0106</southHexNumber>
        <southWestHexNumber>0000</southWestHexNumber>
        <northWestHexNumber>0000</northWestHexNumber>
        <terrainKey>D</terrainKey>
        <providenceName>Kelgarnth</providenceName>
        <hexName></hexName>
        <hexEdgeMap>
          <southEdge>
            <edgeAttribute>Pb</edgeAttribute>
          </southEdge>
        </hexEdgeMap>
    </hex>
    <hex>
        <hexNumber>0125</hexNumber>
        <northHexNumber>0124</northHexNumber>
        <northEastHexNumber>0224</northEastHexNumber>
        <southEastHexNumber>0225</southEastHexNumber>
        <southHexNumber>0126</southHexNumber>
        <southWestHexNumber>0000</southWestHexNumber>
        <northWestHexNumber>0000</northWestHexNumber>
        <terrainKey>Wo</terrainKey>
        <providenceName>Nattily Woods</providenceName>
        <hexName></hexName>
        <hexEdgeMap>
          <northEdge>
            <edgeAttribute>Pb</edgeAttribute>
          </northEdge>
        </hexEdgeMap>
    </hex>
    <hex>
        <hexNumber>0106</hexNumber>
        <northHexNumber>0105</northHexNumber>
        <northEastHexNumber>0205</northEastHexNumber>
        <southEastHexNumber>0206</southEastHexNumber>
        <southHexNumber>0107</southHexNumber>
        <southWestHexNumber>0000</southWestHexNumber>
        <northWestHexNumber>0000</northWestHexNumber>
        <terrainKey>D</terrainKey>
        <providenceName>Kelgarnth</providenceName>
        <hexName></hexName>
        <hexEdgeMap>
          <northEastEdge>
            <edgeAttribute>Pb</edgeAttribute>
          </northEastEdge>
          <southEastEdge>
            <edgeAttribute>Pb</edgeAttribute>
          </southEastEdge>
        </hexEdgeMap>
    </hex>
    <hex>
        <hexNumber>0126</hexNumber>
        <northHexNumber>0125</northHexNumber>
        <northEastHexNumber>0225</northEastHexNumber>
        <southEastHexNumber>0226</southEastHexNumber>
        <southHexNumber>0127</southHexNumber>
        <southWestHexNumber>0000</southWestHexNumber>
        <northWestHexNumber>0000</northWestHexNumber>
        <terrainKey>Wo</terrainKey>
        <providenceName>Nattily Woods</providenceName>
        <hexName></hexName>
        <hexEdgeMap>
          <northEastEdge>
            <edgeAttribute>Tr</edgeAttribute>
          </northEastEdge>
          <southWestEdge>
            <edgeAttribute>Tr</edgeAttribute>
          </southWestEdge>
        </hexEdgeMap>
    </hex>
    <hex>
        <hexNumber>0103</hexNumber>
        <northHexNumber>0102</northHexNumber>
        <northEastHexNumber>0202</northEastHexNumber>
        <southEastHexNumber>0203</southEastHexNumber>
        <southHexNumber>0104</southHexNumber>
        <southWestHexNumber>0000</southWestHexNumber>
        <northWestHexNumber>0000</northWestHexNumber>
        <terrainKey>D</terrainKey>
        <providenceName>Kelgarnth</providenceName>
        <hexName></hexName>
    </hex>
    <hex>
        <hexNumber>0127</hexNumber>
        <northHexNumber>0126</northHexNumber>
        <northEastHexNumber>0226</northEastHexNumber>
        <southEastHexNumber>0227</southEastHexNumber>
        <southHexNumber>0128</southHexNumber>
        <southWestHexNumber>0000</southWestHexNumber>
        <northWestHexNumber>0000</northWestHexNumber>
        <terrainKey>Wo</terrainKey>
        <providenceName>Nattily Woods</providenceName>
        <hexName></hexName>
    </hex>
    <hex>
        <hexNumber>0104</hexNumber>
        <northHexNumber>0103</northHexNumber>
        <northEastHexNumber>0203</northEastHexNumber>
        <southEastHexNumber>0204</southEastHexNumber>
        <southHexNumber>0105</southHexNumber>
        <southWestHexNumber>0000</southWestHexNumber>
        <northWestHexNumber>0000</northWestHexNumber>
        <terrainKey>D</terrainKey>
        <providenceName>Kelgarnth</providenceName>
        <hexName></hexName>
    </hex>
    <hex>
        <hexNumber>0128</hexNumber>
        <northHexNumber>0127</northHexNumber>
        <northEastHexNumber>0227</northEastHexNumber>
        <southEastHexNumber>0228</southEastHexNumber>
        <southHexNumber>0129</southHexNumber>
        <southWestHexNumber>0000</southWestHexNumber>
        <northWestHexNumber>0000</northWestHexNumber>
        <terrainKey>Wo</terrainKey>
        <providenceName>Nattily Woods</providenceName>
        <hexName></hexName>
    </hex>
    <hex>
        <hexNumber>0121</hexNumber>
        <northHexNumber>0120</northHexNumber>
        <northEastHexNumber>0220</northEastHexNumber>
        <southEastHexNumber>0221</southEastHexNumber>
        <southHexNumber>0122</southHexNumber>
        <southWestHexNumber>0000</southWestHexNumber>
        <northWestHexNumber>0000</northWestHexNumber>
        <terrainKey>Fore</terrainKey>
        <providenceName>Vynar</providenceName>
        <hexName></hexName>
    </hex>
    <hex>
        <hexNumber>0101</hexNumber>
        <northHexNumber>0000</northHexNumber>
        <northEastHexNumber>0000</northEastHexNumber>
        <southEastHexNumber>0201</southEastHexNumber>
        <southHexNumber>0102</southHexNumber>
        <southWestHexNumber>0000</southWestHexNumber>
        <northWestHexNumber>0000</northWestHexNumber>
        <terrainKey>D</terrainKey>
        <providenceName>Kelgarnth</providenceName>
        <hexName></hexName>
    </hex>
    <hex>
        <hexNumber>0122</hexNumber>
        <northHexNumber>0121</northHexNumber>
        <northEastHexNumber>0221</northEastHexNumber>
        <southEastHexNumber>0222</southEastHexNumber>
        <southHexNumber>0123</southHexNumber>
        <southWestHexNumber>0000</southWestHexNumber>
        <northWestHexNumber>0000</northWestHexNumber>
        <terrainKey>Fore</terrainKey>
        <providenceName>Vynar</providenceName>
        <hexName></hexName>
    </hex>
    <hex>
        <hexNumber>0102</hexNumber>
        <northHexNumber>0101</northHexNumber>
        <northEastHexNumber>0201</northEastHexNumber>
        <southEastHexNumber>0202</southEastHexNumber>
        <southHexNumber>0103</southHexNumber>
        <southWestHexNumber>0000</southWestHexNumber>
        <northWestHexNumber>0000</northWestHexNumber>
        <terrainKey>Mo</terrainKey>
        <providenceName>Kelgarnth</providenceName>
        <hexName></hexName>
    </hex>
    <hex>
        <hexNumber>0123</hexNumber>
        <northHexNumber>0122</northHexNumber>
        <northEastHexNumber>0222</northEastHexNumber>
        <southEastHexNumber>0223</southEastHexNumber>
        <southHexNumber>0124</southHexNumber>
        <southWestHexNumber>0000</southWestHexNumber>
        <northWestHexNumber>0000</northWestHexNumber>
        <terrainKey>Fore</terrainKey>
        <providenceName>Vynar</providenceName>
        <hexName></hexName>
    </hex>
    <hex>
        <hexNumber>0124</hexNumber>
        <northHexNumber>0123</northHexNumber>
        <northEastHexNumber>0223</northEastHexNumber>
        <southEastHexNumber>0224</southEastHexNumber>
        <southHexNumber>0125</southHexNumber>
        <southWestHexNumber>0000</southWestHexNumber>
        <northWestHexNumber>0000</northWestHexNumber>
        <terrainKey>Fore</terrainKey>
        <providenceName>Vynar</providenceName>
        <hexName></hexName>
        <hexEdgeMap>
          <southEastEdge>
            <edgeAttribute>Pb</edgeAttribute>
          </southEastEdge>
          <southEdge>
            <edgeAttribute>Pb</edgeAttribute>
          </southEdge>
        </hexEdgeMap>
    </hex>
    <hex>
        <hexNumber>0201</hexNumber>
        <northHexNumber>0000</northHexNumber>
        <northEastHexNumber>0301</northEastHexNumber>
        <southEastHexNumber>0302</southEastHexNumber>
        <southHexNumber>0202</southHexNumber>
        <southWestHexNumber>0102</southWestHexNumber>
        <northWestHexNumber>0101</northWestHexNumber>
        <terrainKey>D</terrainKey>
        <providenceName>Kelgarnth</providenceName>
    </hex>
    <hex>
        <hexNumber>0142</hexNumber>
        <northHexNumber>0141</northHexNumber>
        <northEastHexNumber>0241</northEastHexNumber>
        <southEastHexNumber>0242</southEastHexNumber>
        <southHexNumber>0143</southHexNumber>
        <southWestHexNumber>0000</southWestHexNumber>
        <northWestHexNumber>0000</northWestHexNumber>
        <terrainKey>Cl</terrainKey>
        <providenceName>Minotaurus</providenceName>
    </hex>
    <hex>
        <hexNumber>0141</hexNumber>
        <northHexNumber>0140</northHexNumber>
        <northEastHexNumber>0240</northEastHexNumber>
        <southEastHexNumber>0241</southEastHexNumber>
        <southHexNumber>0142</southHexNumber>
        <southWestHexNumber>0000</southWestHexNumber>
        <northWestHexNumber>0000</northWestHexNumber>
        <terrainKey>Cl</terrainKey>
        <providenceName>Minotaurus</providenceName>
    </hex>
    <hex>
        <hexNumber>0120</hexNumber>
        <northHexNumber>0119</northHexNumber>
        <northEastHexNumber>0219</northEastHexNumber>
        <southEastHexNumber>0220</southEastHexNumber>
        <southHexNumber>0121</southHexNumber>
        <southWestHexNumber>0000</southWestHexNumber>
        <northWestHexNumber>0000</northWestHexNumber>
        <terrainKey>Fore</terrainKey>
        <providenceName>Vynar</providenceName>
        <hexName></hexName>
    </hex>
    <hex>
        <hexNumber>0140</hexNumber>
        <northHexNumber>0139</northHexNumber>
        <northEastHexNumber>0239</northEastHexNumber>
        <southEastHexNumber>0240</southEastHexNumber>
        <southHexNumber>0141</southHexNumber>
        <southWestHexNumber>0000</southWestHexNumber>
        <northWestHexNumber>0000</northWestHexNumber>
        <terrainKey>Cl</terrainKey>
        <providenceName>Minotaurus</providenceName>
        <hexEdgeMap>
          <northEdge>
            <edgeAttribute>St</edgeAttribute>
          </northEdge>
        </hexEdgeMap>
    </hex>
    <hex>
        <hexNumber>0205</hexNumber>
        <northHexNumber>0204</northHexNumber>
        <northEastHexNumber>0305</northEastHexNumber>
        <southEastHexNumber>0306</southEastHexNumber>
        <southHexNumber>0206</southHexNumber>
        <southWestHexNumber>0106</southWestHexNumber>
        <northWestHexNumber>0105</northWestHexNumber>
        <terrainKey>R</terrainKey>
        <providenceName>Intas</providenceName>
        <hexEdgeMap>
          <northEdge>
            <edgeAttribute>Pb</edgeAttribute>
          </northEdge>
          <southWestEdge>
            <edgeAttribute>Pb</edgeAttribute>
          </southWestEdge>
          <northWestEdge>
            <edgeAttribute>Pb</edgeAttribute>
          </northWestEdge>
        </hexEdgeMap>
    </hex>
    <hex>
        <hexNumber>0204</hexNumber>
        <northHexNumber>0203</northHexNumber>
        <northEastHexNumber>0304</northEastHexNumber>
        <southEastHexNumber>0305</southEastHexNumber>
        <southHexNumber>0205</southHexNumber>
        <southWestHexNumber>0105</southWestHexNumber>
        <northWestHexNumber>0104</northWestHexNumber>
        <terrainKey>D</terrainKey>
        <providenceName>Kelgarnth</providenceName>
        <hexEdgeMap>
          <southEastEdge>
            <edgeAttribute>Pb</edgeAttribute>
          </southEastEdge>
          <southEdge>
            <edgeAttribute>Pb</edgeAttribute>
          </southEdge>
        </hexEdgeMap>
    </hex>
    <hex>
        <hexNumber>0203</hexNumber>
        <northHexNumber>0202</northHexNumber>
        <northEastHexNumber>0303</northEastHexNumber>
        <southEastHexNumber>0304</southEastHexNumber>
        <southHexNumber>0204</southHexNumber>
        <southWestHexNumber>0104</southWestHexNumber>
        <northWestHexNumber>0103</northWestHexNumber>
        <terrainKey>Mo</terrainKey>
        <providenceName>Kelgarnth</providenceName>
        <hexName>Mount Greymoor</hexName>
    </hex>
    <hex>
        <hexNumber>0202</hexNumber>
        <northHexNumber>0201</northHexNumber>
        <northEastHexNumber>0302</northEastHexNumber>
        <southEastHexNumber>0303</southEastHexNumber>
        <southHexNumber>0203</southHexNumber>
        <southWestHexNumber>0103</southWestHexNumber>
        <northWestHexNumber>0102</northWestHexNumber>
        <terrainKey>D</terrainKey>
        <providenceName>Kelgarnth</providenceName>
    </hex>
    <hex>
        <hexNumber>0209</hexNumber>
        <northHexNumber>0208</northHexNumber>
        <northEastHexNumber>0309</northEastHexNumber>
        <southEastHexNumber>0310</southEastHexNumber>
        <southHexNumber>0210</southHexNumber>
        <southWestHexNumber>0110</southWestHexNumber>
        <northWestHexNumber>0109</northWestHexNumber>
        <terrainKey>R</terrainKey>
        <providenceName>Intas</providenceName>
        <hexEdgeMap>
          <northWestEdge>
            <edgeAttribute>Pb</edgeAttribute>
          </northWestEdge>
        </hexEdgeMap>
    </hex>
    <hex>
        <hexNumber>0208</hexNumber>
        <northHexNumber>0207</northHexNumber>
        <northEastHexNumber>0308</northEastHexNumber>
        <southEastHexNumber>0309</southEastHexNumber>
        <southHexNumber>0209</southHexNumber>
        <southWestHexNumber>0109</southWestHexNumber>
        <northWestHexNumber>0108</northWestHexNumber>
        <terrainKey>R</terrainKey>
        <providenceName>Intas</providenceName>
        <hexEdgeMap>
          <southWestEdge>
            <edgeAttribute>Pb</edgeAttribute>
          </southWestEdge>
          <northWestEdge>
            <edgeAttribute>Pb</edgeAttribute>
          </northWestEdge>
        </hexEdgeMap>
    </hex>
    <hex>
        <hexNumber>0207</hexNumber>
        <northHexNumber>0206</northHexNumber>
        <northEastHexNumber>0307</northEastHexNumber>
        <southEastHexNumber>0308</southEastHexNumber>
        <southHexNumber>0208</southHexNumber>
        <southWestHexNumber>0108</southWestHexNumber>
        <northWestHexNumber>0107</northWestHexNumber>
        <terrainKey>R</terrainKey>
        <providenceName>Intas</providenceName>
        <hexEdgeMap>
          <southWestEdge>
            <edgeAttribute>Pb</edgeAttribute>
          </southWestEdge>
          <northWestEdge>
            <edgeAttribute>Pb</edgeAttribute>
          </northWestEdge>
        </hexEdgeMap>
    </hex>
    <hex>
        <hexNumber>0206</hexNumber>
        <northHexNumber>0205</northHexNumber>
        <northEastHexNumber>0306</northEastHexNumber>
        <southEastHexNumber>0307</southEastHexNumber>
        <southHexNumber>0207</southHexNumber>
        <southWestHexNumber>0107</southWestHexNumber>
        <northWestHexNumber>0106</northWestHexNumber>
        <terrainKey>R</terrainKey>
        <providenceName>Intas</providenceName>
        <hexEdgeMap>
          <southWestEdge>
            <edgeAttribute>Pb</edgeAttribute>
          </southWestEdge>
          <northWestEdge>
            <edgeAttribute>Pb</edgeAttribute>
          </northWestEdge>
        </hexEdgeMap>
    </hex>
    <hex>
        <hexNumber>0118</hexNumber>
        <northHexNumber>0117</northHexNumber>
        <northEastHexNumber>0217</northEastHexNumber>
        <southEastHexNumber>0218</southEastHexNumber>
        <southHexNumber>0119</southHexNumber>
        <southWestHexNumber>0000</southWestHexNumber>
        <northWestHexNumber>0000</northWestHexNumber>
        <terrainKey>Fore</terrainKey>
        <providenceName>Vynar</providenceName>
        <hexName></hexName>
    </hex>
    <hex>
        <hexNumber>0119</hexNumber>
        <northHexNumber>0118</northHexNumber>
        <northEastHexNumber>0218</northEastHexNumber>
        <southEastHexNumber>0219</southEastHexNumber>
        <southHexNumber>0120</southHexNumber>
        <southWestHexNumber>0000</southWestHexNumber>
        <northWestHexNumber>0000</northWestHexNumber>
        <terrainKey>Fore</terrainKey>
        <providenceName>Vynar</providenceName>
        <hexName></hexName>
    </hex>
    <hex>
        <hexNumber>0114</hexNumber>
        <northHexNumber>0113</northHexNumber>
        <northEastHexNumber>0213</northEastHexNumber>
        <southEastHexNumber>0214</southEastHexNumber>
        <southHexNumber>0115</southHexNumber>
        <southWestHexNumber>0000</southWestHexNumber>
        <northWestHexNumber>0000</northWestHexNumber>
        <terrainKey>R</terrainKey>
        <providenceName>Intas</providenceName>
        <hexName></hexName>
        <hexEdgeMap>
          <southEastEdge>
            <edgeAttribute>Pb</edgeAttribute>
          </southEastEdge>
          <southEdge>
            <edgeAttribute>Pb</edgeAttribute>
          </southEdge>
        </hexEdgeMap>
    </hex>
    <hex>
        <hexNumber>0138</hexNumber>
        <northHexNumber>0137</northHexNumber>
        <northEastHexNumber>0237</northEastHexNumber>
        <southEastHexNumber>0238</southEastHexNumber>
        <southHexNumber>0139</southHexNumber>
        <southWestHexNumber>0000</southWestHexNumber>
        <northWestHexNumber>0000</northWestHexNumber>
        <terrainKey>Cl</terrainKey>
        <providenceName>Minotaurus</providenceName>
    </hex>
    <hex>
        <hexNumber>0115</hexNumber>
        <northHexNumber>0114</northHexNumber>
        <northEastHexNumber>0214</northEastHexNumber>
        <southEastHexNumber>0215</southEastHexNumber>
        <southHexNumber>0116</southHexNumber>
        <southWestHexNumber>0000</southWestHexNumber>
        <northWestHexNumber>0000</northWestHexNumber>
        <terrainKey>Wo</terrainKey>
        <providenceName>Vynar</providenceName>
        <hexName></hexName>
        <hexEdgeMap>
          <northEdge>
            <edgeAttribute>Pb</edgeAttribute>
          </northEdge>
        </hexEdgeMap>
    </hex>
    <hex>
        <hexNumber>0139</hexNumber>
        <northHexNumber>0138</northHexNumber>
        <northEastHexNumber>0238</northEastHexNumber>
        <southEastHexNumber>0239</southEastHexNumber>
        <southHexNumber>0140</southHexNumber>
        <southWestHexNumber>0000</southWestHexNumber>
        <northWestHexNumber>0000</northWestHexNumber>
        <terrainKey>Cl</terrainKey>
        <providenceName>Minotaurus</providenceName>
        <hexEdgeMap>
          <southEastEdge>
            <edgeAttribute>St</edgeAttribute>
          </southEastEdge>
          <southEdge>
            <edgeAttribute>St</edgeAttribute>
          </southEdge>
        </hexEdgeMap>
    </hex>
    <hex>
        <hexNumber>0116</hexNumber>
        <northHexNumber>0115</northHexNumber>
        <northEastHexNumber>0215</northEastHexNumber>
        <southEastHexNumber>0216</southEastHexNumber>
        <southHexNumber>0117</southHexNumber>
        <southWestHexNumber>0000</southWestHexNumber>
        <northWestHexNumber>0000</northWestHexNumber>
        <terrainKey>Wo</terrainKey>
        <providenceName>Vynar</providenceName>
        <hexName></hexName>
    </hex>
    <hex>
        <hexNumber>0136</hexNumber>
        <northHexNumber>0135</northHexNumber>
        <northEastHexNumber>0235</northEastHexNumber>
        <southEastHexNumber>0236</southEastHexNumber>
        <southHexNumber>0137</southHexNumber>
        <southWestHexNumber>0000</southWestHexNumber>
        <northWestHexNumber>0000</northWestHexNumber>
        <terrainKey>Wo</terrainKey>
        <providenceName>Nattily Woods</providenceName>
        <hexName></hexName>
        <hexEdgeMap>
          <southEdge>
            <edgeAttribute>Pb</edgeAttribute>
          </southEdge>
        </hexEdgeMap>
    </hex>
    <hex>
        <hexNumber>0117</hexNumber>
        <northHexNumber>0116</northHexNumber>
        <northEastHexNumber>0216</northEastHexNumber>
        <southEastHexNumber>0217</southEastHexNumber>
        <southHexNumber>0118</southHexNumber>
        <southWestHexNumber>0000</southWestHexNumber>
        <northWestHexNumber>0000</northWestHexNumber>
        <terrainKey>Fore</terrainKey>
        <providenceName>Vynar</providenceName>
        <hexName></hexName>
    </hex>
    <hex>
        <hexNumber>0137</hexNumber>
        <northHexNumber>0136</northHexNumber>
        <northEastHexNumber>0236</northEastHexNumber>
        <southEastHexNumber>0237</southEastHexNumber>
        <southHexNumber>0138</southHexNumber>
        <southWestHexNumber>0000</southWestHexNumber>
        <northWestHexNumber>0000</northWestHexNumber>
        <terrainKey>Cl</terrainKey>
        <providenceName>Minotaurus</providenceName>
        <hexName></hexName>
        <hexEdgeMap>
          <northEdge>
            <edgeAttribute>Pb</edgeAttribute>
          </northEdge>
          <northEastEdge>
            <edgeAttribute>Pb</edgeAttribute>
          </northEastEdge>
        </hexEdgeMap>
    </hex>
    <hex>
        <hexNumber>0110</hexNumber>
        <northHexNumber>0109</northHexNumber>
        <northEastHexNumber>0209</northEastHexNumber>
        <southEastHexNumber>0210</southEastHexNumber>
        <southHexNumber>0111</southHexNumber>
        <southWestHexNumber>0000</southWestHexNumber>
        <northWestHexNumber>0000</northWestHexNumber>
        <terrainKey>R</terrainKey>
        <providenceName>Intas</providenceName>
        <hexName></hexName>
        <hexEdgeMap>
          <northEdge>
            <edgeAttribute>Pb</edgeAttribute>
          </northEdge>
        </hexEdgeMap>
    </hex>
    <hex>
        <hexNumber>0134</hexNumber>
        <northHexNumber>0133</northHexNumber>
        <northEastHexNumber>0233</northEastHexNumber>
        <southEastHexNumber>0234</southEastHexNumber>
        <southHexNumber>0135</southHexNumber>
        <southWestHexNumber>0000</southWestHexNumber>
        <northWestHexNumber>0000</northWestHexNumber>
        <terrainKey>Wo</terrainKey>
        <providenceName>Nattily Woods</providenceName>
        <hexName></hexName>
    </hex>
    <hex>
        <hexNumber>0111</hexNumber>
        <northHexNumber>0110</northHexNumber>
        <northEastHexNumber>0210</northEastHexNumber>
        <southEastHexNumber>0211</southEastHexNumber>
        <southHexNumber>0112</southHexNumber>
        <southWestHexNumber>0000</southWestHexNumber>
        <northWestHexNumber>0000</northWestHexNumber>
        <terrainKey>R</terrainKey>
        <providenceName>Intas</providenceName>
        <hexName></hexName>
    </hex>
    <hex>
        <hexNumber>0135</hexNumber>
        <northHexNumber>0134</northHexNumber>
        <northEastHexNumber>0234</northEastHexNumber>
        <southEastHexNumber>0235</southEastHexNumber>
        <southHexNumber>0136</southHexNumber>
        <southWestHexNumber>0000</southWestHexNumber>
        <northWestHexNumber>0000</northWestHexNumber>
        <terrainKey>Wo</terrainKey>
        <providenceName>Nattily Woods</providenceName>
        <hexName></hexName>
    </hex>
    <hex>
        <hexNumber>0112</hexNumber>
        <northHexNumber>0111</northHexNumber>
        <northEastHexNumber>0211</northEastHexNumber>
        <southEastHexNumber>0212</southEastHexNumber>
        <southHexNumber>0113</southHexNumber>
        <southWestHexNumber>0000</southWestHexNumber>
        <northWestHexNumber>0000</northWestHexNumber>
        <terrainKey>R</terrainKey>
        <providenceName>Intas</providenceName>
        <hexName></hexName>
    </hex>
    <hex>
        <hexNumber>0132</hexNumber>
        <northHexNumber>0131</northHexNumber>
        <northEastHexNumber>0231</northEastHexNumber>
        <southEastHexNumber>0232</southEastHexNumber>
        <southHexNumber>0133</southHexNumber>
        <southWestHexNumber>0000</southWestHexNumber>
        <northWestHexNumber>0000</northWestHexNumber>
        <terrainKey>Wo</terrainKey>
        <providenceName>Nattily Woods</providenceName>
        <hexName></hexName>
    </hex>
    <hex>
        <hexNumber>0113</hexNumber>
        <northHexNumber>0112</northHexNumber>
        <northEastHexNumber>0212</northEastHexNumber>
        <southEastHexNumber>0213</southEastHexNumber>
        <southHexNumber>0114</southHexNumber>
        <southWestHexNumber>0000</southWestHexNumber>
        <northWestHexNumber>0000</northWestHexNumber>
        <terrainKey>R</terrainKey>
        <providenceName>Intas</providenceName>
        <hexName></hexName>
    </hex>
    <hex>
        <hexNumber>0133</hexNumber>
        <northHexNumber>0132</northHexNumber>
        <northEastHexNumber>0232</northEastHexNumber>
        <southEastHexNumber>0233</southEastHexNumber>
        <southHexNumber>0134</southHexNumber>
        <southWestHexNumber>0000</southWestHexNumber>
        <northWestHexNumber>0000</northWestHexNumber>
        <terrainKey>Wo</terrainKey>
        <providenceName>Nattily Woods</providenceName>
        <hexName></hexName>
    </hex>
</map>